time,DAX,SMI,CAC,FTSE
0,98.63404426814841,99.98412845892283,99.62082164141837,99.1773366157364
1,98.25931204478846,100.37750284288931,99.90943672376056,98.90236291179053
2,97.96231659435628,101.05769344862514,99.88456933283362,98.03953189580078
3,97.2184110361941,101.89411267566658,100.08704155011627,98.11116886268348
4,97.10057047082815,102.62703701053985,99.4384709915243,97.6435347060329
5,97.53270512471904,102.78879867903457,100.6305862816207,96.36828041608332
6,99.42957632510465,102.59696216544056,99.47382225892561,97.49230172685911
7,99.64315920407506,102.46210719962825,99.97999536691376,97.08572640061777
8,99.94008935294876,102.27386283011315,101.188896309813,96.01276335866638
9,99.9056700023242,103.72668242793284,101.69703126247931,95.89624272920683
10,98.04619338349664,104.52037900940188,101.51157884150494,95.98406097442235
11,98.059416906904,100.94717934106913,100.99690762164981,94.51550977505015
12,98.15775133850806,101.79573552668515,102.06917556966593,94.82648753766325
13,100.64588964410804,102.0849231593127,100.64716915158449,93.96518642804055
14,100.49266135532511,102.11305091167071,99.69542451819395,95.45201073587836
15,100.83647818381296,101.68891706396923,99.31972638611933,95.93196673710445
16,100.84181078999946,103.12147610835292,100.57671235459166,95.6159990851919
17,99.71003051149209,104.35285474437225,100.97959025115442,95.00539225511902
18,100.8964261478166,103.44121274475194,100.02678119817978,94.94416112897594
19,101.69863054351183,103.99970743137594,99.73681684299409,95.49788091569982
20,102.547300126526,102.84553528215295,99.1458158248381,95.50461880035908
21,101.6596309971055,101.20749214694247,98.46427220980368,95.34674379667003
22,103.13700245727604,100.4994425271815,99.45275022664659,95.42546905707839
23,101.74195091619922,101.59566858102875,98.11744975698991,94.93674081963641
24,102.3817307103906,102.81573471143359,99.72865386691025,94.67234502467626
25,104.69096729649259,103.50246488592605,100.57817979062172,92.93959801141523
26,103.70055618899956,104.45920132057323,101.70169302427989,93.78578835669047
27,103.15621619716961,105.16081149873531,101.25221224035587,94.06655037673328
28,103.30037589832803,104.40660476600854,101.12072983078168,93.44204568781548
29,102.82271158937633,105.0016440890371,99.70178990340638,95.08108242003942
30,101.28108023503512,106.068055628617,99.19989994076899,95.18412513025743
31,101.39109369479118,107.08601802592447,99.7107559307433,94.32892561095868
32,100.35984898634621,108.67908645995354,101.03168542514216,95.08759502870045
33,100.8766154749956,109.66157417341242,99.9392615099779,95.45748390567542
34,99.99337149504152,110.18011143129347,99.59456125091465,95.82582048168129
35,101.59590637944207,111.65996274782431,99.46388017898636,95.48797975075796
36,100.84359072913398,111.68025821960417,98.10483707605994,95.90468508887062
37,100.55955054047405,110.55989997813649,98.70643731919279,95.70772440454081
38,101.42151690090596,110.39895318384171,98.0139937712764,96.21665610290627
39,100.220887370258,109.47123492856394,97.84223734952342,94.60950843089654
40,100.4892968740146,108.64217465993906,97.42051987851235,94.26906827635804
41,101.85219060640327,108.50816858905179,96.67390199861042,95.77029058015184
42,100.2681220329906,107.53500447955548,96.68642692793654,95.13994477810337
43,100.49361135225145,107.19192070878738,96.49748387129497,94.6526964506501
44,100.79542672201325,104.83602924083795,96.15854650669144,94.30014373342482
45,101.62719976161969,105.15726880915246,95.47970760461543,93.30273846762856
46,100.41802333100233,105.21138253615234,95.80443572161231,91.49414046926694
47,99.14041120109958,104.23692466035615,97.42132785409142,91.33185706404349
48,99.69909063578675,105.11735344551869,97.57721670937153,91.47103720300032
49,100.03562801179791,106.35985675321933,98.57377109279055,91.45525563802151
50,100.32664684877857,104.37993893516764,97.23230320082207,91.36348913166697
51,100.7151074953343,103.48066708909653,97.40529845632423,91.42631104403944
52,100.07256431996636,102.58124262979227,96.36151740906618,92.29951411304546
53,100.34538679228704,101.48147387640876,94.96777994878394,92.16909338365427
54,100.6801668745708,102.54789487747111,94.28706028043722,91.72161982839937
55,100.00351281892456,102.36082211619933,95.43667656213627,91.51729666892895
56,101.92763071478339,102.08745672461488,96.36693194919194,92.02332797822633
57,102.45271631294048,99.71174928429858,96.6207151152846,93.22820939388447
58,101.27993867629822,100.52520909078582,95.1701321658202,92.73046488724017
59,101.98787044378194,99.09088229732897,95.00251342002609,92.84091733976662
60,101.03904964756265,99.21176674068842,95.3086286364934,93.15201039943699
61,101.87819350218112,99.5923293283887,95.4951738577012,92.35127171413893
62,103.10664842171,101.2824400270194,93.76932480422505,92.39595786555746
63,102.30484688210551,99.75400498705945,92.95677464790263,91.21251986965879
64,103.33651640224912,96.25231832201696,92.91581040873668,89.79871936137418
65,103.80546529348536,96.51314858957815,93.43413296952355,90.12264202406648
66,104.70419910096716,98.67043801549752,91.422850219473,89.83876459764366
67,106.75186822850917,100.19845248707988,91.29300872005031,90.02947195259837
68,106.53283758600891,100.50109844838498,91.44198226451596,90.04198198529258
69,105.77518124725731,99.95989175134946,92.24064028473384,89.28097574652898
70,104.88041179848686,100.9832331057334,92.9005339412821,89.27139741896043
71,104.06988690989343,99.8602730912325,93.46201587947924,88.31263836162516
72,104.03128236478045,100.48296725057352,92.73590306406753,89.4519829887889
73,104.42855627967124,101.14487297180173,91.00147180226402,88.39348300731567
74,104.75979613551361,102.49114389711724,90.66262074232773,88.26434020476422
75,105.67220595406694,105.99504145684288,91.59360645508512,87.4664886858571
76,105.7282290677553,106.54860925139249,92.89743322464628,87.94305687969414
77,107.31916722646785,105.95280322957477,93.57857961413632,87.7074322232788
78,107.07833800486107,105.97326556604007,94.00001249965253,87.32516160444146
79,110.07504815732317,103.79916639278981,94.37642546583622,88.02469984975521
80,110.81022601569666,102.98891717818206,93.87180963507743,88.07443687698667
81,109.9084214806131,102.53559360384126,93.76855087969696,88.51146844295687
82,108.78120399189814,101.94372365934068,95.36581840263551,87.75950689099155
83,109.35104310553908,102.18135151903715,94.49005931437256,86.68291838721812
84,109.1506085537001,101.22848114241158,96.04745809138365,86.79263052520973
85,109.97671519177416,102.65075715070029,95.75780536285566,86.56989298669146
86,110.5426080176622,102.70235055508788,97.05486760310956,87.08546659811071
87,110.50632403757139,102.74224749967141,95.71818620397872,87.04897010388586
88,109.61835282177938,102.38996029522447,96.29990727198519,87.23594969585037
89,108.01351314410961,102.6321208047192,95.61212614518759,85.99645464460136
90,107.57531334024083,103.70518678410549,94.28734512700743,87.49678088468455
91,108.54395209900629,102.68299959334266,94.51252099660493,87.3937548175957
92,108.8201061874738,101.92621515978448,95.49052624350955,87.9705507291705
93,107.51589843793528,101.60618998994408,94.7060256069671,87.33726932054357
94,107.74534630831376,100.02838615977087,93.31561590917839,87.60598975060205
95,108.20458190413567,99.0993530428368,93.24859760229576,86.61073502222294
96,107.29533127853948,98.583929598204,93.1857363016671,86.98993126978435
97,107.5033907393693,99.67360848757198,93.71683687606556,86.73769918775423
98,107.60902030193034,100.03815554077637,94.62992973485139,86.78652148707651
99,106.42864632384892,100.32097016669685,94.5926385261899,87.35961399862818
100,106.85284918002343,101.40126060730678,96.38346763337397,86.42182349577313
101,107.49673681580558,101.28487201412307,96.61915725013071,85.91683599719995
102,108.71078468476851,101.81145678159007,96.30428091049774,86.29707668334441
103,109.90639234880166,101.73628039388191,94.78366631151755,87.96858102302261
104,108.44599760783538,102.11180362907686,94.55394355630014,87.88568851315249
105,107.47670009557955,101.45092896539974,94.25525996960837,88.38101648578429
106,108.07489223814173,98.5741855221181,95.18379259279061,88.3224619710077
107,108.6750560855424,98.46469595821755,95.64414848265366,89.90689798533977
108,109.27993159077958,100.2103067258987,94.5416829299377,88.53072554571565
109,113.61778870367559,101.38099319223173,94.72361829567913,88.63273531641961
110,114.31399335227145,102.61359199412148,95.38093178755321,87.37169428305084
111,115.66575926052582,104.19914961489066,96.86894627238549,85.4483604414155
112,116.82121204426397,104.36223322598389,97.75203678304236,85.70313281282215
113,117.63170228471711,104.6619515961355,98.51831813947003,85.83654606995687
114,117.30834364400677,103.94104101164308,98.59724911654047,85.64247199276498
115,118.24935539411582,103.5993391312792,99.0006565417116,85.586330624198
116,117.3859617488453,104.41989313434796,100.26548627892191,88.03287078083532
117,117.1551515476425,105.99233898847962,98.95782575344793,87.8549096746437
118,116.63454536384323,105.86804524952136,98.63235616482957,88.28567110868141
119,116.77677936786135,105.35032143071723,97.89286595243271,87.79754473581448
120,119.55910235865773,105.4036775459634,98.28438924879343,88.05755450325192
121,117.3942792601915,106.21995674928503,99.52087578706805,87.89531693354903
122,118.24997068818774,104.44762504472587,98.9483192641772,87.5974475289789
123,116.40478244843702,101.65976278313673,96.63052088640848,89.06994380279868
124,115.90307739175077,101.04087484309396,96.25225823468564,90.0456362428691
125,117.21897984388907,99.62135878944571,97.1549544429039,90.18357643052029
126,117.34127957446225,99.06526792755322,97.69823285474072,88.3591203832671
127,116.12987309853227,98.93920207985938,98.13708560297648,88.09892585883397
128,115.34828577229976,98.45174800378807,97.8822671527455,90.29549669144401
129,116.18132310439853,100.23286917979704,96.65762481277613,90.13527826510787
130,115.382008293417,100.67697335233396,97.17641487791225,91.0619998721017
131,115.67829512864466,101.0911717318743,96.38833794595122,92.27913627371278
132,115.77732553918484,101.89972951452543,98.53641605224622,92.48891029807712
133,115.0713919603313,100.56691113388345,99.12000205479828,91.81836700994619
134,117.61212998722085,101.87969229523712,98.56584234085979,89.8547558647349
135,118.40741729002553,101.83801456224477,97.98465870128578,90.43686761569879
136,116.08003854736957,102.71202778562989,97.91321063117508,89.80307413406081
137,116.34320466629873,101.45008853953621,97.69852495771447,89.9725444306647
138,115.6220427341001,99.62586641345081,98.81553201431898,88.99286329778644
139,116.65851039829833,100.6587929295562,99.0197139103421,88.80731662125399
140,115.78392575702026,101.1650583518053,98.317559538268,88.8609254793852
141,115.6974252988272,100.12594117827511,100.21391489140181,89.10271939435896
142,116.32968284551835,99.13602018482068,100.28339555892849,88.23965410689071
143,117.38813122967935,100.53420982184458,101.07759914963023,89.22208990157408
144,116.03395239746482,99.15904964850381,100.48477918976411,88.77069644073255
145,115.69273366696689,101.18365161927049,100.8704904706609,87.46916885746101
146,115.19062628434857,100.14606294170952,101.20503629440198,87.4096042070908
147,114.48629065624407,100.96666903593459,99.33043588303028,87.4628859104557
148,116.57206039727276,100.6195961180434,101.37279685303979,87.61566860108289
149,117.0919405741442,101.40123598610995,102.71017881674645,88.7229895460084
150,115.67107506831378,100.79169005108923,102.32349057648105,88.56094856762505
151,116.78436767121147,100.64529425054948,101.22204545529354,88.4922009029522
152,119.33692379835558,100.74508620730226,101.59478344032497,87.64422860772724
153,120.6236584068072,99.59053978807752,101.70324058733186,88.320367615662
154,118.85232284082016,100.53008844228863,102.08602663588383,88.49353747018698
155,118.32551133084021,99.96283904552861,102.302246248172,88.18609317835931
156,119.8820698942886,99.73885382217202,102.84202161486127,86.71329393579114
157,119.0843200484413,98.60511296570222,104.36215367815966,87.87425871156636
158,119.66186914546944,95.66716269033985,104.97771915484235,86.93474629975408
159,120.64065683649588,95.49584883478136,103.90235606525735,86.49929750851972
160,119.57538916491836,98.35015923542727,105.34884773043092,86.80475430069092
161,119.55204392361654,99.33017632383716,107.11289249225922,85.90073383549492
162,115.78547403603885,99.356887359828,110.56503674336349,84.77924698140133
163,114.65128769298289,99.09347542264916,109.35166521391884,83.19899393358288
164,114.40783441392361,99.16976619369619,109.63950925218093,83.76575129502748
165,113.03434690290923,99.87292430541633,107.40178568219272,83.38075705469652
166,114.94064221526669,98.51697488245182,108.01912555995033,85.63233719805316
167,113.3538596022172,99.89311131771287,107.45007240991002,84.89488016712772
168,112.90129956071526,100.80473243383705,109.55873026564491,84.21901507645512
169,113.0942325519298,101.728096363287,108.73509523117713,83.81669326434103
170,114.78193610200633,102.31591583415735,106.9351712686211,84.0255066358492
171,113.19086888605815,102.39118662131732,106.45369878704747,83.69578126081547
172,114.56096611995406,103.27289757981994,104.39223128820028,84.18355244672519
173,114.6185280563206,104.06094583940333,105.20031075841312,83.4704158220357
174,113.54444890721835,103.67160475355767,103.07072713722363,82.46367901845694
175,114.11599320113652,103.01195355012123,103.12068482166741,81.16417939848529
176,114.38912489089894,103.18952138484929,101.02033987098258,79.57992335762238
177,113.75008937134739,105.17814722649203,100.71743304711683,79.23350249977729
178,113.87505793764512,103.67761903997021,102.4067557899016,79.04287272037456
179,113.48251002986865,101.91875381352824,102.7973077889102,78.61853333277756
180,113.65685916042779,102.1715327797625,101.93386573026069,79.52712169309089
181,114.45768697116358,102.28507288025396,101.9224462205921,80.43507913980383
182,116.33400146307011,102.54931933852485,101.96120131282652,80.21713631828592
183,114.94884712118505,102.90140384024087,102.46473238658822,78.95608973772356
184,117.47406143991522,102.67748462244694,101.09392967671569,78.5779814417373
185,115.24919275030211,104.5819756349299,101.71509860215065,78.17837957611083
186,115.1204333109973,102.64335142189256,99.02098901179754,77.74069913694774
187,115.84603194509174,101.67875755898625,98.41891314629449,77.27723795520947
188,116.21848574012526,101.60363891098274,97.95912050453633,76.84714219178
189,115.54325038891955,99.66963678751038,98.60120890136261,76.60324263619093
190,115.34915967678285,99.50927261857856,98.6432523985809,76.18918610783153
191,114.8278086593695,101.56393218695061,97.2859130494206,76.35507049088227
192,114.19871473974383,101.64019854024009,96.3516258299758,76.62610070999949
193,115.2191611273049,101.97294394797876,96.5625581238619,76.02345820575725
194,115.67750829234788,100.49274597127635,96.50553802932666,76.92120153639824
195,114.92469899750502,99.8020983459907,95.96745796853199,76.26857409258515
196,116.00962030392348,99.40345305503774,95.52622495155734,75.18868655989993
197,116.41322160642844,99.07471583407246,96.21280881595813,75.46943784879406
198,117.410311733017,100.66055313568707,95.73515442349937,74.93874933847664
199,118.19916328483775,101.38714309175134,95.66998935425019,75.17830767883189
200,117.2702471533842,100.09390483098002,97.7882106521104,73.59151326708651
201,116.66181341233994,100.44063445332591,96.42516332788958,74.54193207480951
202,117.58390944765469,101.09346773205883,94.67488608925701,75.01682744931225
203,118.35113242234424,102.53736825215145,95.438748739112,74.0327946085056
204,118.37373776072322,104.55296537461562,94.81221362276969,73.0759397729376
205,118.56011864050353,103.33877393305748,94.52986925856628,74.20633800930912
206,120.13268150582255,102.38931569601455,93.8130805316688,73.73762210792447
207,119.47188805508317,100.90620620569734,93.58838614889235,73.20805688684737
208,120.17536741489263,100.67355924050221,95.1154747658092,71.75166161890611
209,119.98060978288967,101.28917007710072,95.90066938404235,71.54695940213769
210,119.76761607271777,102.54764402422694,96.750470699116,71.42189910254586
211,121.13929733164514,102.50546334123034,95.40900122315219,71.90486819623365
212,122.19220606654973,102.16385314379193,94.33585962388442,71.02644442996325
213,123.2395917302422,102.40126066138868,91.71359307706388,70.0822591842281
214,124.90895963073957,101.43085236739493,90.9924734973595,70.38839086212052
215,124.98518214162392,104.05834729626413,91.88555415941974,71.05035973681706
216,125.89078144487506,102.12114873576297,92.38025739828541,70.0737701573684
217,125.55099987814913,102.39897759565271,92.19428636835579,70.78040333246759
218,126.00904789709145,104.96846825966577,92.19216566258869,70.82556689646621
219,125.89551067318622,105.02953548157983,91.5775633794733,71.54640770203338
220,126.06810063656546,104.84270008710226,91.78362357000103,71.52265943504847
221,126.871379374746,104.44616669343172,92.50777287081155,69.93832717940755
222,125.88787195209417,104.27243978254658,91.04317132180476,69.86369342757516
223,128.60111452470935,106.05748611250378,91.3346543250241,70.55463691280686
224,127.36478659135055,103.3311547980016,92.20871323562876,70.01039192949709
225,125.87802951841334,105.30281273371571,91.84511510481144,69.787297044976
226,127.39525877232663,103.57051080582995,92.50943441278937,69.69766391455838
227,128.4591755807516,103.29126537280897,95.16927778898132,67.92275991684181
228,129.31513758319622,102.81198003952845,95.08904320283047,68.97287450405767
229,130.1823041043617,103.59245746859882,95.48286621068257,68.43613147204877
230,130.21843890898816,101.67556722627245,94.79970042171144,68.7689642364183
231,129.10690678488365,102.29216715110243,94.99067802882253,68.73594173086832
232,129.25650507198273,104.85986273030672,95.44798858917301,69.53921257869014
233,128.43555029417294,103.21010139713805,95.65327172017935,69.81475019799817
234,129.74596479521102,103.49705974322629,94.70179430139059,69.68819884601302
235,129.6071364889309,102.72951004709235,94.91640576796834,69.15078111896071
236,128.59306403438583,103.30750896799825,96.33373069807632,69.67001402634818
237,128.23172996871043,103.38292754861457,96.78624450601689,68.525712419965
238,128.81384911328826,102.64146514285102,97.74135488353785,68.94589402393329
239,128.14098287889738,103.29577367831244,97.52947442991412,68.2877674094963
240,127.1425480471051,105.60953275732383,98.2832520315176,69.08248342432344
241,127.50374729207311,105.42057165132654,98.57782275306546,69.2036009757799
242,127.8676085440023,106.38822349309791,97.66440935196165,69.62683214716073
243,127.27193129185885,104.80228906079876,97.99558412365107,69.69913530441634
244,126.72452113696477,103.65814082774133,97.0479756981722,68.62909141003001
245,127.0697444943786,104.29957139438449,96.45500674890773,68.11993866517105
246,125.29303346987078,106.22682272891568,96.65712585428061,68.55397967817068
247,123.591358039969,106.73445332171627,96.9642519632771,68.677481259775
248,122.75569756384246,106.38741701808554,95.83711670637973,69.43216765076392
249,122.54296584473946,106.43971895209934,96.87194068772051,69.70553608962464
250,122.97373373953768,104.90696532490902,97.44712955571572,69.12244001348395
251,124.85141470567986,105.72359528577616,96.78216056395247,68.64956857319524
252,125.97720074828776,106.90238127709979,95.32449781929995,68.73380218934516
253,125.82619612008878,106.377172480512,95.20550748419575,67.33732624713879
254,125.85260199786694,105.83174310374972,94.8008480323706,68.37967864446011
255,124.64704497516873,106.22304085891048,94.92715037583235,68.67267699009255
256,124.6738305938037,105.72066772409485,94.60199765251589,69.45608738189608
257,124.36420346040562,105.68963360373587,92.7403844172146,68.49558435222639
258,124.81611459609279,108.44069956472046,92.39940642716921,69.28790553236001
259,123.83738102083592,108.17379723680673,92.13587259454985,70.71472727745787
260,124.53200195284782,107.7635080161075,92.74010153666367,69.90002120650342
261,126.50604781040356,106.98285456127827,92.11326646913204,70.40811798319253
262,126.41909196303311,107.99650738088309,93.69133638871891,70.42994714386649
263,126.97873500573651,107.81579805973523,91.93569068183876,69.47859042298174
264,127.90925554612701,107.03241376784658,93.1676905131917,69.80841836134253
265,127.44805460724145,108.79739263514803,92.97752558441258,70.35522401034186
266,127.78508017137955,110.72200555252454,93.79894909669557,69.99661608664032
267,127.85230308840612,109.98208871268444,93.89260856892318,70.75619877953065
268,128.028446376984,107.59982735652956,94.98768223316108,69.72362948276894
269,127.09341645594291,108.96309070622145,94.63937378571953,68.81257276799727
270,127.17543109141818,108.12561462209675,93.62405970596558,68.91789362093567
271,127.86147653921402,109.21093075519191,94.98247885312892,68.95432411332122
272,129.7823607521379,106.71267166246345,94.89373010633587,68.53161383423961
273,131.08573931577268,107.91577686433813,95.12323103021438,69.05349572396861
274,133.99244694486094,106.41185776818871,96.32431112183353,69.40504458269355
275,133.02139190116029,107.40279278447642,95.35446767324879,69.9641385971492
276,134.24052626191386,107.47491399297478,95.94317560564276,69.90761447232904
277,134.54067680213262,106.30477337578557,95.39795554458922,70.30885840713572
278,137.57436570658965,105.83970719785395,95.29100826480766,70.04843608145693
279,136.5214342204394,106.76835432780389,95.37898240590948,71.37668782614315
280,135.4339965257316,106.95758010763117,93.97755952922304,70.87788049075763
281,134.67850376527826,107.76417383329544,93.26712193649891,72.2553288463889
282,131.90098499474246,110.4057870105936,94.5546887324504,72.29970662824711
283,131.26182297408425,108.40689041537479,95.41542907651561,71.43160892764698
284,130.3212623257737,110.58652017619839,95.37475301351938,72.3382610454445
285,130.569622267623,110.78046763082033,95.62603681052728,72.44200423132769
286,131.06903226040146,109.64688493259614,95.3641488393403,73.02095224233315
287,133.60475564530282,107.96437393839338,96.68599313894804,73.85185449091662
288,134.93458358999578,107.77350586534058,96.5117746089844,74.09905063223533
289,134.2120562514587,109.02657484358897,96.75513819866737,73.72725586724668
290,133.06489103146433,108.91427108585548,97.889935457655,74.39985352112653
291,133.77457449530277,110.96279091540583,97.15134546548792,74.42268286581593
292,132.0728641429942,109.10173765134816,98.6973322238881,74.90596246054831
293,134.56782661491812,109.14046829055441,97.21774950160422,73.49004227621565
294,136.21884682434856,107.56626014704594,98.83479552186422,73.80841527768156
295,135.63548142675074,108.09069181192686,98.48684326159528,73.4074537969886
296,133.3849966714799,109.30184360473632,98.2677583351185,74.53026373778596
297,135.2572312590822,108.80574332008104,96.44721647065137,74.97187578657896
298,135.15644829460797,105.51082503481715,96.02877939872143,75.15643741514891
299,136.89458085797318,105.81591488749437,95.05444822544969,75.50875149289546
300,134.78310681316322,106.42513657375996,94.4975022733466,74.85572510690388
301,134.03126853667501,106.99620131036123,94.38671133844699,75.98013358283934
302,134.09192296145847,108.64902342111816,95.31414347479897,77.37736064284465
303,134.20860765140236,107.31517592933189,95.53132872640452,77.67476743915441
304,133.6593913345166,108.24884179487542,95.84487601740824,78.81821250882258
305,134.5482953146232,109.86394730842699,94.81956936200419,78.4390397631008
306,133.17272944752037,107.59774675960097,94.0069085639846,77.90169703933933
307,133.03645766200216,108.06528427482989,95.73227803313155,77.9537779163218
308,133.249880300103,107.46716623598715,95.05004237637267,78.28300499511293
309,133.99072123995663,107.41577998044367,96.6567069340297,78.0293196833762
310,135.00160967101635,107.91881335891071,96.44134361004745,78.43141613896174
311,133.54523787647287,107.34333905140664,96.46284079067713,78.6715875881691
312,131.56475175801984,106.52971673010614,97.52039311261635,77.99130198902576
313,133.30982194115398,106.62668466222871,98.78842484802037,78.37981595581915
314,133.80707819052762,105.29720275960395,98.69875327284575,79.01503879550876
315,132.86242338408235,103.98607050866498,98.33597034143182,79.16081550846715
316,134.9933748378564,104.88971157138222,98.30065396310698,80.01029033887424
317,135.2036889408362,103.50541226232595,98.65315908718603,79.16217699024958
318,136.8623149542355,104.38851436534506,99.55629788145409,79.52012826166275
319,137.00954637320638,105.022094229247,99.58042315469237,78.71058535141083
320,139.91821652041529,102.9209346304356,100.21866548417987,77.9486998991646
321,142.45291052341312,102.13855692111792,101.89450882560409,77.53058775555428
322,142.1555458129778,103.66448782407569,102.30424288507886,76.89908651389516
323,143.60084782273438,102.50233913449182,102.64410109162692,76.54371650460664
324,144.58843397017523,101.9836766867302,101.1170308505174,76.41925417303518
325,146.63956480164126,102.60200748888178,98.51130035026053,77.02030379699049
326,145.2895141564077,103.62288310480005,98.9144191508742,76.82104618058695
327,146.3482295536135,103.36224067872435,98.84043487965148,75.7552697828871
328,147.96461548064295,102.67509610524421,98.35259739496286,76.55953095923101
329,145.44321939296313,104.49487573738038,98.61212801628916,76.00771204971932
330,143.78989629265732,106.75162026950406,98.57229308707053,75.99034749933615
331,140.94374777426512,108.06696991708482,99.7102042672829,76.31924650056217
332,140.62078377653035,108.23176981040388,99.81606378506773,76.47941716478095
333,141.6900907464489,107.24069089109062,99.09310842411911,77.25945196974422
334,143.89239791506603,106.23041091458944,100.09918652591251,77.61652008141769
335,144.05666532295737,106.95204882641869,99.90205429178674,77.0402880124062
336,146.48058393610032,107.54414031338248,100.4495504370522,78.58930060315757
337,144.53068995485378,109.42293964471914,99.99113266428495,78.75049525966958
338,142.1464761084724,110.33552549911765,99.36334070420621,78.66973380610082
339,142.12437732034593,108.41744322962776,99.46689966607572,79.37899871577694
340,142.72835742944042,109.84962256094522,99.49955866047016,79.58128021217676
341,142.73878447634817,108.59611521373209,99.99812931220985,79.89169825746964
342,139.87397754906797,108.15095471833887,99.74979707201275,81.7284038429681
343,139.80528826751,108.53040699923464,97.95433724110389,81.55074861461435
344,138.04862269327586,111.21645999903474,97.55084065629754,81.34225805603525
345,139.0318004174217,115.50310527617953,98.34796659197866,81.45207963746536
346,139.5982520903279,116.40530289980919,98.07555084095341,82.26605028330606
347,138.3476709403473,116.20777264271767,97.85377519826336,81.18249982625989
348,137.69363794371293,117.01402508971057,98.84352455105939,79.78294035074286
349,136.29737331290147,118.32625300844302,98.16191482247876,79.38628847430438
350,136.26646580393157,117.93075778254266,96.67842599968202,78.25090207497834
351,137.62928080148745,120.55911216708904,96.54256160306176,77.97567158963354
352,136.33382025492858,120.95287889877102,96.09547461363915,78.3526172317525
353,137.07756096673486,121.73833621070682,95.1904632925654,77.7503173586285
354,136.4071724391768,122.77642853579553,95.04267266766763,76.78130558362022
355,135.38405611172502,123.46084812566276,95.53006676715553,76.85228694507428
356,135.29333809929406,124.77241184788753,95.54029995949278,77.47444340503108
357,133.95351981755408,123.91357345733213,95.85320995658655,76.32445198025239
358,133.26723255728677,123.14773267353634,97.626798965251,76.91304131449913
359,131.73305979731856,121.59342076355905,97.31209100432213,77.50412850182231
360,134.4005945877489,122.2975337939741,97.60285382695548,78.19595906465844
361,134.50178732495414,123.5077757117818,97.12653368462774,79.08192131009928
362,133.61736531185454,124.25021429815368,96.32722625876116,80.68901294515602
363,133.95715789679605,126.83554155582213,95.78460049555822,80.45496530444962
364,133.86030432743922,126.89045392114538,95.34618682962478,80.5585085646123
365,133.6182769348188,127.97680627833248,95.70868990323285,80.28122548858383
366,134.49522844275873,126.37436290680111,98.003173009077,80.30674224219703
367,135.57212672492903,125.85160057369032,97.32339686906785,81.44675067784888
368,134.9087720985087,126.96987996464249,96.93815214286573,80.49091415694906
369,134.18783945850674,128.33436929639788,96.89635850279346,79.89352921035288
370,133.87279906343406,127.94641131497035,97.30009122221604,80.91421276958866
371,130.87869171634154,127.90046236541002,97.57637794241408,81.68495375826915
372,128.9621520211038,125.65472134755946,98.85720080957127,81.44285718981243
373,130.78931012394074,125.18009848739223,96.5067034833341,82.09616085653496
374,133.0117387941531,126.58804655110065,94.24927871229245,82.37336926533577
375,132.7339867253339,127.52858638613746,93.80183246154849,83.51820797217506
376,133.55489544725575,128.36124751545,94.85575729970272,83.59930895573193
377,134.02483206730673,128.50217359401063,93.40089365391965,84.39987689422209
378,138.2707756141285,128.57733823005722,90.65169087580381,86.45672936276462
379,139.8834609147832,127.62633331372837,91.18919223688764,86.9494523724652
380,139.76053279070806,128.76546702904756,91.42993635963016,87.01416278898412
381,138.4868082218807,129.48231911990797,90.45666281148532,87.60805265042009
382,136.33438896892173,130.3142141560322,89.58747085944702,87.34671174028226
383,136.66671801527707,129.55897047970518,88.74064717413816,89.27103691145916
384,135.6912031876978,126.31717842214327,88.85656069723883,89.44265913624893
385,133.82850973022818,128.05525692491486,88.3194397644352,89.24999280412621
386,133.01919928907762,127.385231741203,88.77462711226048,88.60782207531257
387,131.64093059925196,126.13622917876964,86.29352892779134,89.51400743720116
388,133.93430381273674,127.25389370137286,85.57439316885788,90.24243828874545
389,135.17440144324527,126.72002205553667,84.63310935317037,89.86635462458963
390,135.21770116715243,128.40628500872984,84.43332306952176,90.36090257368156
391,137.28863332751723,129.42523909103414,83.99704916124517,89.16910976068873
392,137.4498612697919,130.5565207244011,84.68683062573632,89.34447566458564
393,136.32563015986273,128.49818419573626,83.14339263444333,89.73619674454004
394,138.47331063427617,130.44583736841383,83.19786230429968,91.15307052912215
395,139.27727139685558,130.9208716721131,83.68041990349847,90.55005736835967
396,137.89523676121914,130.40718947604032,85.26563427778046,89.54109162565585
397,137.68808264053237,130.69710149423733,84.8728142462663,88.84904379926954
398,136.54232961687254,128.00478177061498,85.16567005163832,87.81301076686722
399,134.72109471645481,128.69837066065057,83.65990170205038,88.90244031834017
400,136.02904808652985,127.18198282861219,81.69887476465874,90.17726514859238
401,138.70683681419655,125.19680673312203,82.40844938664718,90.46466162343482
402,136.83515353567327,122.99191761664548,82.42034978391831,91.49194628469454
403,137.66271989441913,124.70748853385317,83.41411141913822,91.6298026391977
404,136.82465412229223,123.83124887248545,82.29278755617746,91.57887018707866
405,136.2142420331132,126.19451357010603,82.73828963231429,91.33218381608856
406,135.4638772290137,125.44844251092573,84.3159175637321,91.1047289868322
407,134.35225351237276,122.9658361639072,84.68747566425589,89.87137655706667
408,134.47123696963945,121.38997157499807,84.93901588112898,90.11240104734793
409,133.4118317706611,123.265184751655,84.96327459866005,90.10672367707878
410,133.82666150922117,123.096331288319,83.65576013443587,90.74043180707746
411,133.81296089049786,122.35024379550477,84.81445722110045,90.84409036149832
412,133.54700726084906,122.64671676473904,84.31480209981106,90.73837911420526
413,132.3934132708315,123.4491578574725,84.75818082668818,90.05671818008697
414,131.68466725924998,125.17818219086453,83.46037158989348,90.14225674680942
415,132.73625211119756,127.43675095683373,82.49827061014298,90.77039516874011
416,133.4561906934435,126.95122363729313,83.70746865958353,89.86810874673509
417,132.21081235553612,125.00958002996947,83.43394007547569,89.9658722243469
418,132.395153121715,124.45308190032058,84.67225132297402,90.1818139420749
419,133.44706818561284,124.90483892198718,84.62296046557734,89.62776994831857
420,131.29029362611723,123.53037183668201,83.095176226654,89.18157836415968
421,132.0584272501281,122.18071761851431,83.85652714563292,89.39368081769456
422,131.23875449299783,122.7471680136006,83.37999439099775,88.51297984286275
423,132.04254805969555,122.73687876840826,83.98139559639375,88.81881601278006
424,131.09098352718263,122.84660103261899,84.01937289820206,88.13240890021285
425,128.79767881194851,121.79441336554224,82.74935500401949,89.00619850783028
426,126.76910583501919,121.5188844622014,82.90199834731165,90.92604312466072
427,126.88081952852757,120.23869362348161,84.75980211856624,90.25144895214578
428,127.26168037273094,121.59079426122616,85.19572558390954,90.71362104222077
429,126.16647634515788,123.17230806003481,85.16376805726156,90.14926942047661
430,127.02554402681119,120.53377441353197,86.1017313531996,91.02511278693098
431,124.98240903516367,119.25640856663753,86.30057013644507,90.02146189981558
432,124.9498181245494,117.19245733524946,86.49888700129384,90.43880085236479
433,123.49516922259005,116.34003399090349,85.57689214237179,89.75793965508929
434,122.74188795915728,116.28173250619508,85.79440335076009,89.61777000605626
435,122.84920963040813,114.33357044714103,86.70471016890193,88.81667365887745
436,121.84546136790595,113.13229822326191,86.00002508998365,89.50330509538941
437,121.42635851106225,111.83341814902599,87.25130746216135,88.85827900651894
438,122.70350345547443,112.16798729011619,87.18876544444257,89.3275908443149
439,122.0464836430104,112.31750942985046,86.43544120671173,89.07810114994416
440,123.11992824856391,111.40463300164231,87.31952672169172,89.01307549209014
441,121.78556547645869,111.69710252869993,87.08687374808608,89.15826756951087
442,122.4814855244875,111.02224703430947,87.76838167091245,88.57562046585785
443,124.309642036139,110.7162634589621,87.53018732077638,88.77010693647809
444,121.32332886890073,113.0185730773341,87.49533436349708,90.0282014602866
445,120.40850484617036,114.90867717223318,87.94583137799907,89.42677354674288
446,121.15380933650563,113.18715940314928,88.21967784976145,90.40200162498041
447,120.95643458930117,114.37694346731426,86.49397213392432,91.65662776622182
448,121.45476571062656,115.55380598488605,85.54668820609092,91.01314010240702
449,120.77170680952408,114.02949177339907,86.36274473687503,89.85600111540832
450,120.92468826552229,115.21298356048328,86.26595477946614,90.12756444178909
451,120.78488680405238,117.41769610295532,85.83249880488233,89.71153730185584
452,122.25255024687421,115.90455976137332,84.69122273262333,91.26038650940794
453,122.6130176214218,114.6927780028247,83.79845791598648,91.316370736665
454,123.07688287261584,116.16005162717018,82.13765990034086,90.68666144317802
455,122.6200382709979,116.59739580757234,82.07092494504896,89.78212017838537
456,122.07240987145443,117.43026341703542,81.5975662346142,90.69434374792446
457,121.5941439815711,117.97016165452013,80.8288177335738,90.25638450999031
458,122.12356154535601,118.58382283496441,80.78992949588411,90.31908565530725
459,121.65917491065883,116.7695589113287,81.10073541770451,91.12671597063401
460,122.06103853903079,118.30549541831492,82.8327909067906,90.75764354030808
461,124.67062299503226,120.03763313254376,81.6061946765568,90.74735588607943
462,125.81171834590319,119.76753002870286,82.57434050903005,90.76104927143412
463,125.45238136434904,119.76492829926786,83.39847303678917,91.34834279541704
464,127.01921756639774,117.64335125979034,82.76779801576552,91.86286254147208
465,126.5525504777099,118.43078034214089,82.95277188703247,91.70856862548452
466,124.04896855478873,119.30620590480079,82.59053618607844,91.78865061935171
467,122.8538616382872,119.27682533464983,82.76059031853018,91.50948675433122
468,120.62512706292456,120.95750616357313,84.03583339217809,90.32769701706854
469,120.24994819675692,120.53381891044623,84.56321474877447,90.56452167240475
470,120.32021679035807,121.41393277250738,85.01140652861054,92.14765804379648
471,122.40326384269744,119.99735099052087,84.66331142628182,91.44510043055871
472,122.85321992530108,120.0234381526708,83.43282208237194,90.83834784381564
473,122.63338607930989,119.8324827666712,83.2757258203477,90.15631341990775
474,123.70421576377524,120.21700511757152,84.3034830552573,90.77340131153093
475,121.04737601445244,119.74496176622861,83.04241513329967,91.16788297385715
476,121.38146038605413,119.6159855852446,82.18728523743818,91.06520928588094
477,122.3697016375744,120.86800197624031,82.3075866786766,90.34301141393185
478,120.62190982955676,120.29630246240805,81.51741992365648,90.4452825386417
479,122.05826122538024,118.0583461696716,80.89010493873982,89.20735183594448
480,122.52112276373803,120.62348116197259,80.56429155381828,89.34937932089082
481,122.0621775196988,122.70111233010795,79.487465651716,90.07998649342859
482,122.88615840438976,120.87346622759357,78.73266496215507,89.09802981987697
483,125.75874055309552,121.93898033745099,79.30430424615392,87.90393388018315
484,126.03806651161023,121.26582796261852,78.28990812166408,89.1891592167542
485,126.40185817526644,121.71069884785123,77.06428826264893,88.72606146501354
486,125.87288812778286,122.20226690318839,76.5956078411873,89.66470313880038
487,124.85763018402768,121.91995266894476,77.1737436669475,89.5673820092512
488,125.94905349373553,120.83905252370424,77.03732719518067,89.46375939123726
489,124.92538631172485,119.90179384642225,76.69559401877433,89.84440443667158
490,125.06483864095811,118.65008747377723,76.74497026810809,89.15918297195174
491,124.51867908712026,117.5303800315294,75.43193873882156,89.29235010993105
492,125.16658570897077,117.49440484902553,75.82119208741128,89.01299892616046
493,125.63516070664727,116.54781223637698,76.12769920032811,87.98778283559741
494,126.9962497166157,117.56439418252211,75.8319037681411,88.28191840797321
495,126.40074709330682,119.74125098183985,76.61388627299425,88.09938408580868
496,126.11051716844565,118.97013961644967,75.77007170279344,88.00136435403998
497,124.93217696033538,119.37208600068618,76.64485441901387,87.07422099904913
498,124.42810424183341,120.1500777585406,76.77871158715536,88.3568274600906
499,124.94842823654331,120.89297337426166,76.53605086418558,89.08347939811833
500,125.94823185456603,121.0637298390161,76.53614757874547,89.88681824245968
501,124.84204659188099,122.20858388731114,76.46938762199667,89.6669545491048
502,125.98279754224619,122.97932800890206,77.4237303989244,88.30879051691979
503,127.75338793564063,121.22694012713077,76.60991726914793,89.90161556001077
504,128.33398169921077,122.5592026262662,76.04318056271543,89.87915396903179
505,130.8176090771768,123.93307349650998,76.85068421216337,89.30226363469926
506,129.8611969073137,122.86451654508603,76.40965204110131,89.66478005058919
507,128.3062028504391,122.98193944451057,77.1162755240385,90.63877824961743
508,126.09459943550362,124.05654363427084,78.4537056916006,90.64716680307161
509,128.04642039823722,123.80722179085635,78.15474441761367,91.72379737772063
510,128.9386247612612,125.47435931597042,78.70481910481432,92.64999126295484
511,128.9185316666777,129.14914501076373,77.81758738699337,91.78431548475507
512,129.33169115940635,128.0007427967771,78.42280754210216,91.25678234711857
513,127.93540181136949,125.95989111164909,78.59507492119084,92.07423476146302
514,131.1554135461793,126.48318253116486,78.98353557138982,89.88055643714367
515,131.37754418024144,127.64693149504389,78.49097888618995,89.78667122461684
516,131.57396207504993,127.35745109230466,77.21338828548737,88.66445322146527
517,132.58537916718086,129.66274839330126,77.61846780319293,88.31147659446233
518,133.2779638810362,127.66039408992005,76.04850455223064,88.10071873841434
519,133.63012758312033,128.79069796929753,75.82270981684806,87.84347097462465
520,132.63102131871207,127.92168752564822,76.55501772165712,87.43416764762301
521,133.31112479892786,130.65376321653838,76.71740806087062,86.60104198049197
522,135.89817954555406,133.8822898023186,78.2424291022782,88.4324557720764
523,137.7940426772194,132.72258204689498,79.06443584188187,89.95829796849392
524,140.06295389988625,131.91613963597112,78.56483281804898,89.04907432330637
525,139.40450787305434,133.35056259440506,78.60201329080539,90.35322088884149
526,138.08698149427397,132.79889307809964,78.58050231154098,90.05597991344274
527,137.9685717231012,132.79292594500836,77.36247460727749,90.18780003024844
528,138.10070524963055,132.89982224164345,76.65369801881369,90.16350079112881
529,139.6759479838238,129.93827763811893,76.2403035314443,89.6566128104648
530,137.38681796875295,129.98167738841735,74.71852367076717,90.48115807373497
531,139.56018463378567,128.97476487061965,74.76897081616798,90.61090859547832
532,139.39558972924144,128.27793668072175,74.5978921767985,90.25018498584936
533,138.85733645162463,130.5848065400021,73.37500254218388,89.22348966062535
534,137.51403791882655,128.69493921740437,73.68692989306382,88.53535703933237
535,135.3112173701001,130.02194628050148,74.23117193504301,87.26326341591533
536,136.484239302248,129.65222826198956,74.41477521211588,87.29904973137408
537,136.63898813031162,129.2823247068554,74.1888472246696,86.38979776054529
538,134.9416841219803,130.57960480780494,74.64385875705895,86.20942778545282
539,133.25864352549962,131.17911178135773,75.16836445870021,87.30523785916542
540,132.86506720368487,132.14648086165624,75.41487168376624,88.27916789432047
541,135.15527412390807,133.75760269557395,74.8105090360367,88.2800072524967
542,134.8588104544391,133.29350830964594,75.03272696565261,88.23731102062433
543,132.89999832828673,132.38398610670689,75.95030041076939,89.76981401316031
544,132.62684689097895,130.73663490406463,75.51360916281594,90.21859664371804
545,132.31855183522453,129.51283039662133,77.12999824673955,89.97981063573124
546,128.84928917185988,134.2453486360328,76.7409894194964,88.85902772886635
547,128.83087165437473,136.33365690063687,76.7812176203374,89.20133579954974
548,128.58512371830952,134.20820306386722,76.28186211790776,89.89658272149263
549,129.53526880614947,132.16126121921874,76.46765954538483,89.41380289296643
550,132.0053894610212,132.99416373821688,75.16199243801867,89.67534672149179
551,133.55433533608317,133.93738614327847,74.76764706108834,89.40921296590496
552,133.24899414578624,134.88991875606595,73.97032901112345,89.28803020020096
553,131.83541061667717,134.54511356751507,74.08532258957901,87.33724813563512
554,135.32615847559782,134.40990301757353,74.84070419663267,87.18924685565955
555,135.4604936024336,135.0072745889833,75.34081144107806,87.97963182528126
556,135.53356618944852,135.21409064245523,73.58972271689134,87.5073428525093
557,135.55508373291823,131.72649618559123,75.12294781284966,87.5749891746275
558,135.8782042274283,131.42944646698837,75.3601691572624,87.00728833495373
559,135.73647514117403,130.15854725911754,74.79222109501187,87.31618703851561
560,135.01403056455197,130.49773087524065,74.92481639678657,87.17234668251045
561,134.33143124790593,135.32495318169703,75.07195554991213,86.46450488341725
562,134.34116623647333,135.99100266863488,74.587920742837,87.53396983969023
563,133.66655902247066,135.54807446094057,74.75063748301626,88.29534011468029
564,132.77020812847383,137.12432396082394,74.31278559152047,87.84230093284464
565,132.9647662577352,137.98986537316128,74.02770371216289,88.26320062619106
566,132.67922933272013,138.75660804206896,73.53611207250653,88.7177493597898
567,134.7436838351146,139.84065336648726,72.50459168035373,89.2588598654639
568,131.27109828587663,143.40633537297043,72.62493049117921,87.93451439628825
569,132.76487491260275,141.54411647417652,73.06586191766915,88.76139741959403
570,134.48337128663212,142.42207821653298,73.4577263022836,88.33395288386066
571,131.77641431923217,140.9180417304472,74.07731469265761,88.07635420271129
572,131.3781465188521,141.93150879494712,74.33283234618301,90.21944997203552
573,130.9434264702087,140.4456204332826,73.952684351847,90.49204043730215
574,129.16494796637303,139.8138603347295,74.5911693362266,90.20501223947882
575,128.215454493725,139.3893211999329,73.60014172140701,88.45883868660177
576,126.85013225313284,141.10166946458423,72.95481212320365,89.59909517536096
577,129.14412555623628,142.7367670264544,72.2692145349784,88.5474294462635
578,130.41032385229022,140.6892468874081,73.0686052198674,87.77769141739016
579,132.13199273744505,140.8524297385804,73.77549884315341,87.54257212207366
580,133.14224774476338,139.7280154798201,74.15071675779382,88.69228613101842
581,131.7001267131201,137.7025229341518,74.96482724820754,89.3384601187785
582,131.06355631012752,137.41307328869848,74.32342706204919,89.23840908205355
583,131.75921312680958,136.97380860178288,74.59788509583505,89.5132062775792
584,130.21082084685003,141.0917414385043,74.51946844096233,89.05754192806121
585,131.19500708688008,141.8976247609683,75.16827249686521,89.1963021081333
586,130.93245323539685,139.64094298605434,75.09672815543851,89.28197441419351
587,130.4947972286793,138.7671220455838,74.8231674603719,90.09084429505538
588,131.4784497119652,140.54865766059515,75.24403622143925,90.90573999104139
589,132.11669575484527,144.18757555846284,75.92138061678988,91.33818546570109
590,131.69332566291035,141.54012704191084,75.43074023404957,91.06812145000788
591,133.28227227574934,138.45206540939873,75.39976291359908,91.70567046452167
592,131.9019170698477,141.66650650447065,74.62083250249208,91.65728866402098
593,132.76995247452362,142.40158361778373,72.794406183787,90.79636656140845
594,133.6131871620281,140.9960121064084,72.95506549273948,90.49455460959578
595,133.25352252295573,141.97445628149873,73.41532960306681,90.59059699085859
596,133.74230191757695,137.62301658582354,73.62270220781231,91.36316274016865
597,132.13229989769525,137.6974227696072,72.21572463440306,91.23974569415658
598,133.41225059242424,138.30930855226006,71.97719412701886,90.2792660124107
599,133.21907338379094,139.9218125812556,70.41215066921292,90.35248284342046
600,132.5775438998474,138.29886524481662,71.3974999538763,90.47192678407083
601,134.02921565737392,138.51038150696377,70.64040631990791,90.65056228210015
602,133.14175218748733,137.04922721639056,71.54712649177962,91.4315846263681
603,131.332168803382,137.53862532358318,72.24152656886953,92.30158307471166
604,129.35537502377383,136.13685046673044,71.60816739801535,91.83682811648089
605,130.19372862730677,135.53954234405163,70.81573967268336,91.35637836820194
606,128.5887423422117,133.996494401635,71.07850638539274,90.5322658047952
607,130.91748113014847,135.11513587959587,70.49499747824225,91.13078353173263
608,128.2713466232001,136.582480751797,70.58139592525565,92.35455580776855
609,130.51817371992968,136.2665971254116,70.25548054587036,92.12066557847584
610,130.8462086741123,136.3973198235257,69.02900205421608,91.94829654254882
611,130.77202275596858,134.11384098286626,67.51987883108558,93.19811237324859
612,130.11339402323313,133.6992506094671,67.68664534555714,93.6512230553871
613,130.68602532119337,133.68555310036834,67.32107385828168,94.04784197750074
614,130.68911647113865,138.0257056676922,66.96314695249366,93.07311447690715
615,132.19186168740626,136.26429377150325,67.44423180883145,93.67149375347911
616,132.3958953851534,138.74898861248403,68.25396200480073,92.91932903691702
617,132.64808699260138,140.4889402512046,68.0818077014385,92.00339746498558
618,132.2195154128278,141.03335257001925,67.86388781712719,91.74422674030619
619,132.19711188952212,144.11330799887426,68.21779671994585,91.28919428308123
620,132.65769627913298,144.83064827862202,67.31183826533098,91.13464509421799
621,130.46048897142975,145.5813486004911,67.47570820292158,89.98735807874405
622,128.7649385255634,145.56134013422508,67.86269782749052,90.79448459626718
623,129.77746826911053,147.7882352223659,68.33956055790244,91.74818622561646
624,130.0514128218521,149.82051887617507,67.04213413404209,90.18125917598323
625,129.86429520012118,148.77422813697459,66.5469515387454,91.00621092081437
626,129.9402021910145,146.51077028507106,65.97824748772342,90.37186566115199
627,130.4448038828628,146.22743380103628,66.05739423304054,91.09890443465481
628,129.7945196307038,144.90273331953492,66.38900261679268,91.07012004997411
629,128.83976937896955,144.86473105637566,67.40360637934364,91.1210406631456
630,129.14399046621426,147.10544982512494,67.08422160066515,90.9966653215489
631,127.93780651746374,146.37357044717717,66.76460960455654,92.02239983357576
632,128.5125785140257,146.37153871184725,67.55012156272036,91.02878104686411
633,126.39361305032403,146.54674378052965,67.76430852391587,91.55558688843625
634,127.75220729128174,148.1204239615758,68.64251867557168,92.49534013081593
635,128.40874314513982,144.25216967043508,68.8547648157477,93.12152187511037
636,128.7894344079639,143.27739018262824,68.07624059520049,95.11889327159005
637,130.11331038342092,143.71295571425037,67.18815578485466,94.6955583126482
638,132.3513903337861,145.87044934843405,66.16700046797968,95.54361452007632
639,133.754246425218,145.0844613918284,66.6198362405518,95.48107153882545
640,131.36706029427802,141.92481317940536,67.42988672676383,96.57584698525912
641,129.7487155097797,143.05568643322468,68.70225099694821,96.59813917029486
642,128.99213538405482,142.04012972994752,69.29779015679438,96.29039714858831
643,129.07741581928295,140.09680129521772,70.12233807400776,97.45816856527992
644,129.79923845588607,139.12064089625102,69.73073906060937,97.05707311784593
645,128.91219311399655,138.88235009430528,68.94279356129019,95.85960338685643
646,129.20485482767384,137.9470942370577,69.54526776020795,95.44336494579082
647,128.283843654733,134.4111577842524,69.85032110419512,96.00538953417768
648,127.55276974858418,135.93383204124336,69.93939815869223,97.24491367975777
649,125.82141350055853,138.09843648400815,70.22489243683279,97.37143028080033
650,124.71501019923463,139.25196675552922,70.46630808753876,98.56306702152277
651,123.08982456569805,137.43248448384125,71.39107522748695,97.39482164052531
652,121.94323350871545,137.1691555405269,72.336057146533,97.03615802059596
653,123.28417486077478,137.2270180393902,72.7453454612311,96.8135047168124
654,122.16811236602727,138.28574399550902,73.37791118650104,96.74275653402397
655,125.4769262472945,139.46898390321883,73.77084344999425,96.84505311386229
656,126.14790479041234,138.3147870897901,73.44610566672979,97.4783702060782
657,126.43184993567948,138.5201912251655,74.01868251576295,97.1180498983275
658,125.40140716021963,139.35204998574665,73.00825939025353,97.26882198088684
659,126.33321102870248,141.878822803363,73.79651384392439,97.25850172153584
660,125.65833163156593,143.15492153521248,72.93482712001438,96.48035291143947
661,125.86207545966363,144.58912384921825,73.15820559384476,96.41062280729841
662,129.17751110849252,144.8070274668706,72.55702152266379,96.31494076231805
663,129.10511461989378,147.3524772045532,72.97425051995437,96.2008054009461
664,130.64969373965246,148.15287417908283,72.96408939819628,96.25717972170233
665,129.7861224369267,146.70321778634246,71.82408277288101,96.351660308082
666,129.79262684376937,149.26930027940278,72.1413097362505,96.00631496123881
667,132.1643210766164,150.59993718803398,71.73993908681557,97.14147322074761
668,131.39083233256093,149.87631241411415,72.38934284108133,96.15323118068902
669,133.84746357610882,149.09093986407686,72.40478201320887,95.56000226091955
670,134.85206184619898,149.6973158344047,72.70619229944225,98.0104414825522
671,134.14934196392073,150.606967390705,72.02770721492439,97.12823313649473
672,135.05441199154163,151.0394537346999,71.61879540010723,95.98081276572042
673,136.42885821468028,151.68056899405326,71.30533567309814,96.64636501533822
674,137.334752331988,154.8839734579805,71.93321963499348,94.8848941542398
675,135.24921936860434,156.9668750430956,73.16461880265149,94.71260077811426
676,134.32305734820167,157.40505060830031,72.59240027241584,96.58847963067585
677,134.0446009967009,159.27275139732222,73.3930113854194,95.28334698588729
678,133.9984527897153,157.39016711038815,71.83213540050103,93.62686597575978
679,134.8866740626932,158.2226135515908,70.99362257832887,92.39979325418818
680,135.18064357343434,161.77632383865887,70.33026832948973,93.17784485192118
681,133.4408810173092,161.4342781461855,69.399327600366,94.15411563389539
682,134.00277644119097,159.88047522605635,68.32264713237069,93.74887535437247
683,134.87742147593102,158.71361895434018,68.61912486064988,94.35540720058938
684,135.68883432219485,156.73019802121556,68.48608643888733,95.57209442650836
685,137.21816282470846,155.3388252038426,68.76017055374739,97.15105117340592
686,138.42259799698522,154.72705095746053,69.25043231014783,96.96498930410186
687,139.11530351691147,152.21527455104504,69.44850604414043,95.0056850918742
688,139.07334472475998,152.31994634882474,69.92080115771967,94.3346741596535
689,136.83719267586642,154.0551330097983,69.88617636228163,94.0012034479927
690,137.48131634046487,152.4623180468764,69.07534965384116,93.81053242196758
691,137.8222626999596,155.34506647064546,69.82388020579819,93.68015754727111
692,138.25235739755385,156.3783486655695,69.42763264793231,94.6566801380839
693,136.5530530571766,158.40346433033216,68.79485706852772,95.77735778759538
694,135.13883275639446,157.23654621629473,68.68630342694418,95.65818315950808
695,136.62421069664933,158.93664091488813,68.07579401260564,96.63757195844512
696,136.6248184655333,156.94609951126773,67.80577704456455,96.97823399972506
697,137.61413214442658,158.711073466944,68.05307651351681,97.06366615618376
698,137.70818000716199,159.11822402849123,68.3042066237298,97.8882001586146
699,137.80427342893898,160.25823579787678,67.70723578955956,97.98126443631978
700,139.1590060804911,158.0923494781709,67.39130479891696,99.84276332440017
701,138.49812126992808,156.48161304379738,68.13284012227983,98.58813121252047
702,138.68677435754427,157.68592735218397,68.48558820074165,98.16152569021025
703,138.10236914853044,155.97957623502433,69.9355415133479,98.07923506849878
704,137.55863372527782,156.9274430917249,70.77991429370887,98.49745864774592
705,137.1888621141746,154.45115522410433,71.60881598859712,99.65780738905012
706,137.54895220537063,156.1092354561592,70.63597030914231,99.66582148405311
707,136.94678005045782,153.89425484568602,71.19183342348072,98.42774618617936
708,138.73282273105207,154.99506984516057,71.16826798546147,99.20668119868374
709,137.55225369726784,156.2411864282765,70.79137892423833,99.9130184232473
710,137.3503767269839,155.01774873716207,70.9246027777861,98.21149482721184
711,136.80244047783265,156.1823035026702,71.61248966599184,98.23759925741057
712,138.8518619729743,156.74953990766585,71.98644312381025,96.87076301500656
713,139.1807114860135,155.81714028256746,71.37110341326665,96.32191762119287
714,140.6805358760579,154.0196953050131,71.91735859227515,95.57111307199386
715,138.6615418437374,150.5099172741351,71.47457464164499,96.29862035422595
716,139.08795679572944,151.21834384227483,71.64394324855864,96.42885318479053
717,140.38699002624801,148.4795361195801,71.4412274203677,95.34817050621407
718,140.55876584383174,148.72385663004866,71.29929610272417,96.13521964611553
719,142.12123590335452,148.32857237558787,71.86209137952144,94.93111145454496
720,141.44452387806504,149.61713682421777,71.13268583744275,95.24214182590175
721,143.50947447148658,149.15038077884057,72.544407989282,94.57530675879156
722,146.90557573469448,148.63619716089244,71.2495168192482,94.29284579472515
723,146.432072625354,150.02232839205695,70.83911789832766,94.7501812655835
724,145.83948916116174,150.70206907726836,71.11608057831911,95.22445619831726
725,148.03377725202708,151.3505556572438,71.5471463116539,96.40610440427852
726,150.4508110453285,152.281368449653,71.48959139208544,96.363667749537
727,149.7260953076513,149.57576479742954,71.46286592802183,96.65880445466706
728,149.15793714710844,151.01580746879526,71.77121267551753,96.307641040902
729,148.79773184815886,152.20588974563788,71.61988531107765,96.49445743793036
730,146.8693438525119,150.43542833968857,72.6391894512297,96.90595239655883
731,145.58452630711093,150.07046926255163,73.26610351455986,96.8492994643098
732,144.18763137653175,150.07471820013512,73.9231699877567,95.31835574767815
733,143.14204679105643,149.90763383506598,73.22703938125676,95.63182291382815
734,143.14965515423498,150.58468991322425,73.18356390730659,95.97489948961375
735,143.54273128827083,153.27015004625375,72.97859649674072,95.41779890118872
736,145.8440317212036,155.35040637597254,72.26285143629802,94.3494694906942
737,144.45300567365626,152.9998010994682,72.53809176684297,95.63975313272735
738,145.9402743751475,154.22328598003133,72.16357159222964,96.09252899543552
739,145.6865753465066,156.7808015155976,72.65261677440088,95.9233890068603
740,145.67278864439024,157.5889976867415,71.89361757144711,94.9752703629525
741,146.71781671479002,159.74553268551549,73.15481133021277,94.30367990763541
742,145.13783941957894,163.73174277656412,72.51653263428729,95.44436629569407
743,145.75221247099051,165.83841129869933,72.69027419263097,95.59136419871339
744,146.05343196231254,166.4184819293129,73.28281901192672,95.14739349493729
745,146.83316932548934,168.6029686721101,72.88040313111198,95.61353626896926
746,147.31729443466065,168.9808351802371,73.51904371394005,94.94376976205348
747,151.03955068422962,169.1138477951679,72.63541659957535,96.26380643787019
748,150.1394197989487,168.48642333777738,73.71260470829034,97.47223919000899
749,149.40404662677201,171.76308820705339,73.73778131955451,97.09291868406744
750,148.53534641596258,170.1694983080093,73.31397095511454,96.57408290775969
751,147.77165072066234,173.41427791853624,73.10957715943383,94.35339116395745
752,146.89151343234377,174.54485745359824,73.71811519236854,93.13154784048507
753,148.7079738502701,171.72426796901505,73.303181549248,92.04317483347505
754,150.89579786704635,172.5698166509665,72.7704841541903,92.18288384210396
755,150.09704556158647,168.3594994332854,72.62397268308816,91.9402002441759
756,148.91244258756777,169.71281192861548,71.78858272549303,90.86095300330723
757,149.67595468005226,171.61102696689582,73.12211761351757,90.65851564337356
758,148.91124014247518,170.48071353614895,72.72367185222951,91.09909835653845
759,149.9166904609523,170.81903915195159,73.34564349767625,91.56036312658578
760,150.2813153137248,174.95952033439346,73.51414306126878,90.03526514655213
761,148.07983173272913,173.9878856936772,72.80848275725484,89.95837444911096
762,150.44936523399096,171.8769447551649,72.81870963855668,88.87198737557014
763,153.2369414903178,175.04774129625562,73.40653398343338,89.62305063999221
764,152.36172657871907,179.30885939615163,73.28312302489213,90.28486751418954
765,151.832882411164,179.40649239705115,74.17754427856067,89.58497545015217
766,152.32846024646892,181.68813891972746,74.95415204469656,88.99615925746942
767,152.8999338019536,184.72891126273825,75.66122191005694,88.65405834945271
768,153.97174671793522,183.18189026615948,75.3293024118825,86.90075065518295
769,157.16106451258122,182.2092815489656,74.5351463246845,87.19006439024686
770,156.94598409897722,185.01306037873516,74.0940254491098,87.00231983135832
771,155.76036795463486,188.88655383332568,74.25442042401929,87.7916469411289
772,153.68814719825028,190.26182709773613,74.6757328098381,86.95412457181271
773,152.62992960285538,188.35780811970812,73.08619246366723,86.49689949219386
774,152.64042025982843,192.99960108647122,73.09488058837474,85.35763000897548
775,155.46654124207922,191.8696952818099,73.22517067683467,84.6149721634204
776,154.7257858487442,191.19518511465284,73.03682609501146,83.74474219021623
777,155.13447262614704,192.07825591121326,74.00084554278736,84.52413813946652
778,155.17105315413022,195.79198544572654,74.32848973366262,84.01982604901568
779,157.08891928638792,197.90765017383026,75.32380642455101,84.1390154320687
780,161.17348544044398,198.9948399782744,75.1763460307993,83.87633451412742
781,160.38427371183846,200.2043023664897,75.8995995933442,82.94836605740042
782,159.66506094974463,200.40905103097498,77.16624132708246,82.847669531846
783,161.4055046319731,201.8567338063791,78.2007319416931,83.32057726847805
784,162.5748930129704,195.9194266632962,77.36678788710567,82.44453054410735
785,165.6713238715957,195.32096831216538,77.18621127619035,83.07200196391862
786,166.70822535276943,195.98537908992532,76.93563657067934,82.46386826547149
787,166.17678804466155,193.39367746000102,77.32843410974486,82.13082326725298
788,167.22810158130733,194.38947911410366,77.87657989767028,82.54879142696471
789,169.160132179683,194.01007993212647,77.24145832132523,82.08198824171788
790,170.6220055345363,198.23948589010837,77.3093358773964,82.13438752879608
791,171.558335269934,202.1180759854654,75.77856352787852,81.92666850456699
792,173.46747242835255,201.0919757876346,76.89454207286404,82.04672259019222
793,175.57794211224424,200.82870721970215,76.51686371369945,80.33153195162588
794,178.09277971067252,200.75092711111745,76.57493444574558,79.04324315329347
795,179.3235556666178,199.7656755354905,76.353456277422,79.50650064604338
796,179.09574782825018,200.3338764939757,77.24896945107108,80.27621859380424
797,179.4304564774561,198.6185144959804,75.1028502542126,79.64498247988998
798,181.68107112141934,196.03997417380558,75.10539602688594,79.49409837273086
799,180.27499529765782,197.60915653671702,75.04096915832511,79.72914939396813
800,181.01323856012172,199.207197793537,74.71626872886638,80.25220323624893
801,180.3747771630537,197.3924124617455,76.03244228838437,78.8245992085589
802,180.49881811521496,199.62447049887226,75.37584207777074,78.22198597589339
803,182.8943655125737,198.2163322352919,75.975034173474,78.01160082873103
804,183.31752145312333,198.9188602538388,76.2614308080671,78.53039960817867
805,183.47604329136567,200.98718148328442,77.24502473772235,80.34032549025991
806,181.0703343386103,201.00660767706754,76.74671760309185,80.19968833690379
807,182.4996178324635,202.20755552478812,76.20148336040377,79.21429948944166
808,183.75492138153905,201.0588229531211,77.05670876462236,79.52546177852734
809,187.84844009559615,200.68568296396788,77.40062390359601,80.50072627497042
810,187.34609574291431,200.2906586083204,76.22926681318773,80.60319859462167
811,187.8322334054999,198.60355751628296,75.83443049785133,79.97215380277669
812,188.3765764818742,198.28182444475402,76.14323550905424,80.68885342168183
813,191.44825410546906,194.7284365513567,76.79917412197695,81.19651704030511
814,191.34242103729179,193.68092914011527,76.29455555240807,80.47427958078353
815,191.95381927578464,193.1164942556597,74.11804463853383,80.77523779426514
816,193.20151890777066,192.6200213481333,74.52176660469806,81.5279450662858
817,193.6398276118821,192.15867780556545,73.6326134418356,82.4245109862554
818,192.85440744827469,192.112340408527,72.17651074489808,82.39994878134365
819,193.30638913252284,193.3174401613519,70.17494915995258,82.15946881214997
820,195.47114177051793,195.45453802679032,70.76264202130648,83.09691396024778
821,193.55226959702904,194.03346178132946,70.86788584168788,82.22144204588801
822,193.88734603382377,191.34770485897744,70.72229127615104,82.57139671431338
823,192.61167043758684,189.06439747138887,71.72583910374706,81.58399427648253
824,195.00526495916145,188.0562742831758,72.19886369880558,82.39473016880852
825,192.13431580671246,187.35743199952748,73.38997221466067,82.22826266167395
826,191.1398712923392,185.727071901474,72.38940531365152,83.19741853219695
827,191.93899539451178,182.95218613537082,72.37887296978127,83.59126549402785
828,195.0454931408689,182.04454153149194,71.23236738673258,82.70086428530871
829,194.99527488311776,182.53254944910123,71.08337543071119,83.7931869117601
830,193.9932435964822,183.93250393202217,70.92105318297874,84.99674059481563
831,197.75618881780758,182.79764704972905,71.38112422259377,85.70005678838724
832,194.9912651240564,181.98491760711403,71.4279398034157,85.14019046348503
833,190.8268941524932,180.06239570807614,71.88899390380293,84.9315019220822
834,191.7450927990581,180.08449611405226,72.41095349312452,85.06825351717033
835,190.8611701713137,178.34948424579468,74.00309125616418,84.556548472567
836,188.99753598237103,179.67012914787364,73.78488493941732,85.88005748593173
837,190.41721673875495,175.94864379660012,73.10842933617141,86.01748423353722
838,190.95838972216757,175.27858102481576,73.30321792338162,83.97511023478093
839,189.9602354492523,176.00103713756837,72.73201859239012,84.2572526607814
840,187.6187013857543,176.47794340910826,73.83266996250426,84.01885466474491
841,189.33847614915783,182.36538893912535,73.63858460242537,83.98740901631649
842,190.64981276650008,183.22408396787984,73.23792383624253,83.73435277004508
843,190.5370274671305,181.12026373435094,72.90813432785261,84.37007173353402
844,194.16589364688215,181.00337548478797,73.44849329192743,85.25015449412257
845,192.1760863006207,177.27473851735232,73.3473898576405,85.49324841087696
846,189.34236212075277,177.19193563697164,72.89282786595594,85.25814091307558
847,188.11203862867896,175.51716677465174,74.13173922134024,85.25199957745407
848,188.10153095291747,177.54454546718944,73.51445633885535,85.29262301152866
849,188.63525255975267,176.46579375681412,73.55531678731175,84.70427710859674
850,188.25603210589418,176.3068360099206,74.05149977233889,85.17231633331012
851,188.99554874924004,175.05481779703584,72.86784389832405,85.55135477596346
852,186.71960796512107,178.83532058450518,73.23328625933581,86.77172393202672
853,189.51074314807204,178.23634891880698,72.47915267302155,87.78397399635935
854,189.43087896968325,182.29042499740194,73.09257577271167,87.27009774523984
855,191.63588927157937,184.1721610663416,72.40680515744673,87.94314855679819
856,192.37073371355407,185.33329131247396,72.92474209584168,87.21985379456608
857,193.32871896731322,186.24827148869656,73.75039195451835,87.79419436403218
858,194.51117569217172,187.22407175239007,74.40332822903125,87.41316033570668
859,195.462140429459,183.03439266537777,74.60547094477808,86.6378310420874
860,196.8011706801082,182.51410770274177,74.44799531353301,86.88252999440546
861,199.51420932485894,184.46677540705682,74.03490242406096,84.84159012635469
862,199.98666117054037,184.45077061996423,75.14705922000039,83.54012806118092
863,201.49019250138033,181.4572926487984,74.63816944336826,83.43181112914426
864,201.39000487179092,181.4339127647496,73.88289726316229,83.5187903728786
865,204.39298197178465,185.274912690517,74.3910069132011,83.2666219517548
866,203.0963709110629,188.1620269590254,73.8158657585224,82.115997008338
867,206.86988159129723,188.11611197448266,73.13251406402154,81.53821603487242
868,206.86955483924433,190.3713770417456,72.0987721324156,81.85036004870753
869,204.01237907533337,189.63073785112903,71.76579111763311,82.30474316342702
870,204.3556213133706,185.88574989457197,71.72079729500223,82.31741840655026
871,203.0497862264403,183.9269458321685,71.90973721336289,83.203901070848
872,204.84582782491728,187.50271221857585,72.61160410158728,83.52707308006366
873,203.59472934061404,186.98069822696766,73.00980333592936,82.99195761725751
874,202.76943851111787,186.52863864946144,72.88515638830881,82.807545663734
875,199.05360401765054,185.95165626602596,72.75539384086382,81.79314131010955
876,198.23458302749745,190.3446481238665,73.1421362614267,81.73809253590069
877,193.56479202243872,194.19209963548377,74.09368616814521,82.58508107497967
878,190.5992908665599,199.53172300445712,74.20217509993148,83.12094023046043
879,192.13099734918785,199.2508719293337,73.86965751555378,84.20166895615132
880,193.72418464784892,200.05897289971045,73.15448918791381,83.99764604607253
881,194.62799029842003,196.54914011954668,72.11928199320651,85.04696840411815
882,192.8321715256133,200.16373169460016,72.6159169315526,84.92461115101887
883,192.81730212343427,197.4770421858841,73.05144540511999,86.08267752835246
884,192.8874954991296,198.09042973261612,73.48913408925858,86.09156940474388
885,190.74232761832403,195.59692016935477,73.40932457117103,86.667293297981
886,193.70907695127087,194.31675980057906,74.46433699841178,87.85191245630585
887,195.49426678640228,192.47041639020532,74.11953500238535,87.72542229468105
888,195.14081211125213,191.1671082236417,74.84593645333865,87.924389611998
889,195.27137734061043,190.02934075451833,74.83190947263745,88.97691971173506
890,195.75700072359717,188.8776138837554,74.39292800275061,88.89714066848924
891,191.87742355006947,190.87127857034213,74.8500056737967,87.87294356190255
892,191.48030843470428,188.45154405902284,75.17228014103362,89.6110834448681
893,190.254972456969,189.0454401566447,75.45619396234699,89.25979221296707
894,188.43421100588634,191.92466401357424,75.53265351691532,89.41423840486972
895,187.9804428092897,190.84175250650503,75.51913960656222,90.37647450887322
896,191.46687077237343,189.29933344196738,77.35999981699952,89.90985440583842
897,192.77490707682063,188.87081097670418,78.29724484644906,89.12472021118873
898,191.7536420467479,191.6594202521294,78.88102338683777,89.3552837353103
899,192.93189704960906,192.20244846476834,78.98505645393752,87.9512503368989
900,195.72895430682598,191.07665145718966,79.8005381182335,87.74997108603824
901,197.62615754653018,192.2854879146782,80.23101778559314,87.9700909219981
902,197.82315133487785,189.85368149467166,80.26809689450471,87.78295204621782
903,196.6261261422648,191.50807832812157,80.04080761509812,86.59795970139993
904,198.0830370576423,192.5456522014467,79.99206373429988,87.87574753259067
905,198.94356185138943,191.93169974593653,77.51125635267748,87.98406339132848
906,200.81279540286036,190.1049995389124,77.69020420870699,89.15140189503168
907,202.17321418562696,188.1870429608738,77.32709538847911,88.96968938881255
908,204.3880418774596,189.49339814642062,78.58423577396492,88.29430727194509
909,203.3783425827212,192.40488960729647,78.61516009437905,88.53502739710099
910,206.15780961932902,191.03454177850747,77.70152804665497,88.38976473244709
911,206.6482221384176,192.18431762149035,77.6783141786572,87.48403558397827
912,211.06592942441057,187.52470091049642,76.88531613645306,88.6755660957391
913,209.70015314571936,186.30687171795418,77.26561141890038,88.20679074050263
914,213.45761881619273,186.3305887518201,77.50624072250338,86.78393770912649
915,213.96606209034528,184.39980505877634,78.26784502671049,87.85388612727708
916,212.6618262943726,182.4302991232994,77.6668120638902,87.48228952531207
917,211.71994256376786,181.064771851118,77.70876975974352,87.03113710806367
918,211.12722262927542,181.7916289896383,76.6705675441321,85.68497283976137
919,212.10948119161773,181.47414418950626,77.22574205748677,87.06421392701277
920,213.30667457944855,176.7532005692481,77.643012590908,86.08546761508138
921,212.17128931938976,172.3980436917164,78.04453379136349,86.1566074916076
922,212.20448697959583,171.23273054682224,78.0614080875602,86.89324015441575
923,216.88626128627882,172.26187836888616,78.40153678599984,87.2498369973642
924,220.75389998260718,166.75835849641751,79.68544287436274,87.22917093536188
925,221.8079113198725,165.84424211105056,79.4744810889376,85.92920944747252
926,221.98099670308758,164.88266060441842,79.60066359022927,85.33086996535822
927,222.33652023581234,167.73647160024854,78.75652775398243,85.50086482840807
928,223.79428755294586,167.0467752742329,78.09129232943422,84.9227418884684
929,221.6056265488759,167.90019617352314,78.18334846908365,85.10384011984775
930,221.12443110362818,168.26915629137503,79.06703406746618,85.653308317669
931,217.5523995537538,164.10361390006753,78.88043436413221,86.42442874972025
932,218.51004154937047,165.70622754858275,78.71030220576891,85.50157200396914
933,220.01680496164576,166.2181803898738,78.40637197034991,87.23490838131266
934,219.0438778004777,167.3187186965135,78.00380694434004,87.86590894475582
935,222.60790105850603,175.47829169675157,78.2498840033904,87.89091673450473
936,219.98388111394468,171.2297095847,77.10242791825331,88.78363054053125
937,216.87269604090233,174.89789486697742,78.11203687970746,90.72119045506956
938,217.44697884551672,174.38281617433827,77.60950783789417,89.58093168206754
939,219.8237367020704,175.07263104489542,78.18743666777648,89.42632639331491
940,223.6461924917164,175.0645521644713,77.21617781365617,87.55868309945103
941,222.7113331431597,174.2627015066699,77.74991000400135,87.73694675538994
942,225.21674982075345,173.16171805108624,78.28976189793941,88.0523606161877
943,225.22010902231827,173.93471873034994,78.60685114664096,88.04774159512519
944,224.92160366635096,170.88212045871722,77.84460338014657,87.55685758938925
945,227.00873858611902,172.51443510813542,78.05471514827505,85.98241105418904
946,228.58582498503944,171.7408375185348,77.15215377828136,86.29783888274174
947,225.10069151189742,169.5123439494766,76.9727807520026,87.46191716444736
948,228.54045107156344,168.68373911283493,77.78479644487231,87.02403110533612
949,231.80908814330664,171.33340346844548,78.42266758384042,87.39559137675941
950,230.4556670163017,170.32142124226945,78.45026384021796,86.19666955367407
951,231.46219260016161,171.14117633830475,77.70478018923136,86.57806203352919
952,232.7015769763441,169.73142472438093,78.22369867106556,86.29796502331455
953,233.40230249196114,171.36784653148695,78.2545101983576,85.73355215060336
954,232.2142723807308,172.8697616697374,76.47495564892058,85.17440545290124
955,230.75217510754408,176.83583110055247,77.09123637059217,84.89867435343763
956,230.7855118107861,176.55192520797777,77.08797329568927,85.216951799312
957,233.60135444445197,178.06326074137542,78.03611969357264,84.2417726126158
958,234.9686381643951,178.3620895517261,77.20151547247073,83.96641286434335
959,234.19308092884415,181.24798137541245,74.80255552567007,83.96026288553283
960,236.10175902541854,179.781130215171,75.02661278741056,83.15881996943585
961,229.56299232442947,181.4863113927227,75.26073298806601,84.53978566464374
962,232.308243410576,181.15334164009113,74.01381820358594,83.91805613436739
963,228.39303610614033,181.10439009266196,73.30778515937607,83.4390035309857
964,227.65778945554996,181.39457585657811,75.37072901049538,82.73238295025108
965,225.2130581024574,182.0354631246309,75.15576932843531,84.10764087717561
966,222.40500448332105,181.872660008659,75.72228280404588,84.55257790351615
967,225.0918029656287,182.4330634466769,75.2462354834649,83.86800857410147
968,224.13113847152007,186.01377810443364,73.70442562595547,84.73259195878326
969,224.99909027509287,188.32065902989834,73.5937618097749,84.9112513094938
970,224.98351957437043,190.39026619734804,73.41323395775031,85.13360871068058
971,226.14978867061825,189.44704201908164,73.13488209146098,84.89554298488208
972,226.4141355077955,187.52996273301054,73.06569937071932,84.35017222864235
973,223.6172439915797,189.78697151407482,73.27369746771728,84.63236392094274
974,225.94656343142452,191.88856292464743,73.17841796733457,84.243461730202
975,224.92363857499177,195.40744695233596,72.27371289494857,85.65792612144286
976,221.53822356959463,194.09332162262916,72.64047891170311,84.71037974902927
977,220.68006653259476,193.65621488358263,71.25240761499727,85.91543962137007
978,224.10654538263935,189.97845839763497,69.82031652380883,85.8551593396874
979,226.11049714796695,189.1803959202035,70.35239591411747,86.11240298288278
980,225.41367819887287,191.552109089332,70.72414604133648,86.78656895795696
981,224.71764585402042,190.57807196177404,70.69770343319189,86.32158049751854
982,224.0856525720652,192.1445003063243,69.73194987538746,87.02173073195772
983,228.8795393600064,191.80162934847203,69.25390231895534,84.95230414513377
984,229.84730351374535,192.64523596286432,69.0859946011432,84.42892578828479
985,230.93022466157618,190.1052840205508,68.0058062454494,83.75480148532547
986,233.41510656606422,190.39494231040752,67.51857876119124,82.84007535056458
987,234.06675051297384,183.7740340072117,67.97405609050612,82.7047761080784
988,233.55460679006742,183.4540400094884,68.96500195932103,83.0173068470353
989,233.18972983143652,179.98949607261727,68.69008120436828,83.56903379119105
990,233.11605058238402,182.7045611350209,69.2255278355349,83.77552773954156
991,233.12252608486347,184.50919810528572,67.9266939304338,83.30009518978908
992,234.91892950850786,185.63815361104028,68.38979418400251,83.60228396284003
993,235.13502713038562,189.15209804405896,67.85574952905003,83.72096391769394
994,236.95881115581648,187.10396870376007,68.07823630249636,84.45458350949751
995,236.86234927097084,191.1642111849076,67.92336290392323,85.07271377209943
996,237.14351811943772,193.4113178774409,68.83994645982064,85.12158401882375
997,232.5449437265064,192.95952240285658,68.25425914081157,84.46230647384118
998,234.77950320448664,195.70489369435623,68.69771238709093,83.99260894364502
999,235.6886546792905,193.22056458079132,68.51966781572656,83.60310846283535
1000,238.1478681037079,191.41391702504978,68.42496686502034,83.3912430927428
1001,231.44198133195118,190.1161329377706,68.31294169678269,83.61774504015212
1002,236.42072917831604,189.00762892536142,67.75122228455794,84.1829434035576
1003,236.18539585648614,186.7197234077785,67.75522042524827,84.16946946661331
1004,238.91286418470492,189.57518188487958,67.72633018936605,84.2069435807169
1005,236.53586398258645,189.08174432625918,67.90348992810593,84.3409186028812
1006,238.0849589217911,189.97823079579587,67.97448966191169,83.97540783446532
1007,235.6843534943764,188.77678294126605,68.53279763376386,83.30390791229468
1008,234.31250948908263,184.78962850677084,69.18247052457824,82.02273957491356
1009,238.9360752380273,185.4821633792252,68.47312148586646,81.5356360222553
1010,238.57631174177635,181.365015984627,69.08440419237965,81.90814902191363
1011,239.1912768173279,181.306334209709,68.28332832178927,81.41603816248394
1012,241.37801474785542,178.4428308214441,68.69965660971128,81.26634898841716
1013,242.67450247910585,182.84075566788113,69.1405637813582,81.6326986842941
1014,243.1370408502791,184.9437896291635,67.8451850912677,82.04075256764988
1015,244.12364738582374,185.27125317063397,67.92187938635075,81.27189896945093
1016,250.16207414069962,188.19628074236667,67.61793449717337,82.02908216043858
1017,250.11800247516442,186.3878416575076,67.12023735932983,82.8904615395194
1018,250.72176213171784,187.7012166596498,68.04669235396575,82.07646780810234
1019,253.47123642856917,188.24591201368932,67.61685798233076,81.49460446262265
1020,256.3915094831867,188.93771144948482,67.08721981648442,82.39762645073469
1021,259.5568913880781,191.94053944837427,67.15144961867267,82.31348529444215
1022,261.3245745672191,193.73195703649387,67.6269388907352,80.70955325010905
1023,258.45799001857483,194.5015676412143,67.54472169398036,79.72313458708959
1024,262.8194991744139,190.77249141444707,68.35082460634628,79.56827736905112
1025,259.92783315517204,188.68161504806437,68.72846039999915,78.76337496036291
1026,260.81996560387626,188.49821001414162,67.26104688817286,78.4944004278823
1027,258.9636291513889,188.80391304831107,66.9192454968598,78.54084877760958
1028,258.90112715681204,186.35371003561406,66.55762943096285,79.60517851653925
1029,259.85761970219,191.92154232665877,66.89082347195856,79.42117832559845
1030,260.79833260421054,195.54360215069784,65.17093708516221,80.21559428479492
1031,262.0058008554493,197.06010885841334,66.86687592999341,81.27811400506481
1032,266.37464477784147,197.3291695307027,67.2363468710046,82.35882100425923
1033,267.6925444888499,196.92574682252533,67.34998939559462,82.59493493504235
1034,267.1465898879971,194.78642783631523,68.16412653453274,81.1726815069401
1035,269.8424864434895,195.06512608057466,69.79448276036787,81.53449479379485
1036,273.1805986844206,195.76726166640947,70.41895186352505,82.33215850567028
1037,269.9554733713543,192.96819571441378,71.10449534702454,82.29679588175854
1038,271.68166527710343,193.84047040757875,71.21172349923197,83.62423994666084
1039,273.70277643624365,193.5764248003735,71.12523547901716,84.29916262050476
1040,272.9987250553788,189.2897110281334,70.80178758651252,84.75683500418234
1041,276.89107371953077,187.43911709947548,70.23334012621942,85.61528398417782
1042,276.5865072498577,186.604390575004,69.76643274500847,85.89830934121248
1043,277.0448487274104,190.9751031146777,68.84429966568997,84.01781440372467
1044,276.6764252813921,192.35097669066408,68.8058461000356,83.66632794839421
1045,276.83024214446016,189.38764153778308,67.66993826449699,84.59804133496078
1046,273.92154224389816,190.59073178258092,67.81281596955242,84.01058410990919
1047,270.1132226867536,187.1781272561019,67.80174262857052,83.86694372140823
1048,274.56451619646407,189.72070334525003,67.91502219542366,83.10692343088239
1049,272.35780231345495,188.7454935214678,67.57485418840987,84.47733860435028
1050,269.7788982195953,188.6278220601594,69.70029415701752,85.79122669687705
1051,264.13724273237824,191.74865731740186,70.6689076189215,85.13701741578454
1052,262.5598902716344,188.9040992946797,69.80881366637189,85.27553569565976
1053,259.2125318484989,185.8563487777356,69.98556125328642,84.78029655319654
1054,263.60940026574247,184.65161083965413,69.57524936571463,85.27639317289034
1055,266.3913941719539,187.06037228944678,68.88676670040813,85.69417154201015
1056,264.67036089768874,183.77262473314838,67.98338747935308,86.34839035007964
1057,270.8078391096373,177.72073097590436,68.2915158834125,86.63270753745375
1058,273.58904464833034,176.84957011054726,67.8413396245105,88.97861725557247
1059,272.81088593354013,178.11339079833581,68.514814938106,88.18569586205831
1060,266.1831943959608,180.78771821615817,69.21293869435077,86.86449200540129
1061,272.460649507505,179.87561407231624,70.18446318250906,86.58369595532851
1062,268.8082966083576,179.07925259813697,69.60268169433814,85.39603191670345
1063,264.52730700436337,181.6669868754982,69.94832483539683,84.28192882662209
1064,267.3530822924234,177.72516997611316,70.4061977114097,83.55086789518555
1065,274.06566047369097,176.986970861505,70.08715319120529,82.88515231756085
1066,277.9970334610176,177.48058197222397,69.56223320062335,82.20074618153129
1067,279.6809624822056,178.52913875945197,70.70505009702515,82.6098026973805
1068,281.4618958305744,177.52903090365376,70.88025890780423,82.25898704484156
1069,283.9877867500186,177.69124083353537,71.34673885417267,82.15083571638525
1070,286.2657338386242,172.55008011225615,70.77677261346186,82.83950925138271
1071,287.1866730225856,171.27809684977106,69.93302733945505,82.29482366150502
1072,287.601098106447,172.29887900209445,69.54983416948093,82.12375333881243
1073,287.53612736224943,170.3649854819878,69.47752508202852,82.41925909770906
1074,285.4905323341824,170.57087844221226,68.7558016133286,81.01586715687138
1075,284.804253957814,171.57378197517826,68.76278425109051,79.31925226036952
1076,280.13525719236196,170.95541632762925,67.62499208486051,79.59059500709745
1077,279.9718749917124,171.39114885256234,66.885161805031,79.96780060524597
1078,277.3286432340702,169.50722880814146,67.3488790038544,81.49177072353011
1079,274.39463596340187,169.17204898307315,67.77030797705225,81.63229014959911
1080,274.99867760168513,170.50060283823993,67.51875397320067,82.26144704568544
1081,278.9649960593071,170.90750572291168,66.8484256535965,82.14149425919123
1082,281.6512146229224,169.79369354900976,66.17837297341985,82.38623277404247
1083,277.3733608762374,170.33630193504547,65.9449982581124,83.65687874822702
1084,274.7518125788946,171.88919378990047,66.38467421191017,82.0975127956518
1085,277.4597568571087,167.7963013403772,67.01715803589595,82.42841893992707
1086,274.8570181351242,170.23156215196013,66.69855972357087,84.05325180764726
1087,274.3500091619027,169.6308463075872,65.946805190013,84.29215970911383
1088,275.97360246220796,170.58444672746086,66.13690233314217,85.57934974219764
1089,273.4234721382473,173.1394650205307,65.60759861260725,85.12162391576301
1090,273.82125196195034,170.39807911794838,65.28152004335473,85.12260899592685
1091,270.30076229340756,169.0380858378414,66.16567052228507,85.1738445830761
1092,268.7876323571245,168.53803733377447,66.72855088284079,83.51582029562252
1093,269.75642342214365,167.0438617124871,66.84741630593413,82.66716436955774
1094,265.5994851131548,170.64334247163487,66.01575750883664,81.87965950851628
1095,266.87869422063875,168.98237113993582,66.16869258071515,82.51245049673828
1096,266.93304213000533,167.94353728885392,66.88896475926059,83.18762302291532
1097,268.5192881233742,168.44015166889136,66.65150757101674,83.45561244270748
1098,269.2288844280275,166.11074582065214,67.5716696026721,84.10212456897351
1099,273.03590142646254,165.40657615065058,68.46456138721632,84.00316564294951
1100,273.48739652419766,166.12092383650958,69.62708108461426,84.94227170816745
1101,272.4244922949628,165.5414563772074,69.85390704802107,84.9744790866756
1102,272.8669894273745,165.43874622228122,70.27948503572333,85.04425276637171
1103,274.4632682039817,164.47342837096343,71.29468702405327,84.86666756970081
1104,274.707264848866,161.59212020462508,71.6286940248401,85.41668551044286
1105,274.92874531490656,162.29805692416636,71.2848204004485,85.11903367657351
1106,273.11475074476374,165.83506319188444,70.97998804422139,85.89611109005398
1107,271.4188039740418,165.95464344344114,71.1637477770734,85.05084151705704
1108,267.74552005708523,166.4870765617585,70.26528847672617,84.23908170940634
1109,272.58016240524097,167.96075672965605,70.17873359853266,84.78730341233364
1110,269.31834335739796,165.5045017350496,70.9667030651424,84.74518324225137
1111,267.56567774357,169.00504577949044,69.44244344651968,84.42502707752459
1112,265.756636019055,169.50060848868722,70.53034753127965,85.12956640818933
1113,268.2529105491816,172.93897723147268,71.34068778434772,84.69097588276114
1114,267.5698716893909,171.51014228760425,71.02764551185672,84.56388147892208
1115,271.03776232164927,175.3807187578344,71.42893811332942,85.66122682621233
1116,269.3261905564365,177.10822963343577,71.44547420264654,86.88214761799323
1117,270.1866971348367,178.3766799067264,72.34414066983157,88.14684871927085
1118,268.0462982835169,178.96777953528667,73.07317200235191,87.9496970968981
1119,273.96797271575485,178.524070992257,72.07163738797708,88.95595443873849
1120,270.84189232498414,181.20515157438763,72.51063293100685,88.22591827472618
1121,271.79101249787163,181.6013939302586,72.37615784965166,87.53499462339401
1122,273.6284607038437,177.45362470695193,72.45062239355111,85.72843343558154
1123,274.8730059205885,175.1780820078926,71.93935988906186,87.05502265932628
1124,274.47393933284854,174.87525985913754,73.2226581819127,86.40664170699866
1125,274.22751560627904,175.61479062984552,74.00299232963343,86.33419479020743
1126,274.4574460642718,175.58334753281173,73.4722524779088,85.65544814700343
1127,274.1639281663826,178.25970331525642,72.51269946566848,86.21889208746637
1128,276.930063685164,174.22163830373276,72.24802458646465,85.95368601288993
1129,283.2330980552185,174.60937344798788,72.57714112509345,84.97569415185654
1130,281.7711759662103,170.9268310830316,72.76623700023619,85.33973969305887
1131,278.0489782724151,172.57848596137276,73.69857017547854,84.27090401245208
1132,277.91476293385006,172.4691913242438,74.29789317172268,83.66326612977039
1133,285.2915249134192,173.42651052001477,75.03677193750968,82.11642059762032
1134,283.12112404094256,171.72379510241782,75.29749293445632,81.09508707899307
1135,287.91519480088226,174.4679265631705,74.27347227088951,81.24986366640289
1136,292.90343532225063,176.75093925387023,74.14308944497373,79.84987577366091
1137,291.4029741132206,178.08200570784965,74.94824170301972,78.81615648568406
1138,293.18298339435665,177.89436933872204,74.92461954575069,78.83812401365863
1139,298.1154707001521,179.22611678056307,75.31756986094526,78.47689302455456
1140,297.1061907802194,177.8011018280509,75.09289566219557,79.9205131252305
1141,296.62058069310444,179.72576978306782,74.33841453560923,81.27493152826369
1142,295.01818746787274,183.41034384747837,74.26162987990641,80.66673798139071
1143,292.15644798685975,185.87479194062476,74.50638833906854,81.09656135174296
1144,290.3818160595412,184.34666903037075,74.034262590762,81.66978486209653
1145,286.96414035291747,185.24051533574533,73.87473448319916,81.25617297577435
1146,287.1768121083306,182.47941371040258,73.19859663744555,80.19385729294707
1147,285.08813093565004,183.829013076819,74.03727616546321,80.20904054649189
1148,285.8697315422817,184.91814907870193,73.83435518979307,80.10839238769528
1149,281.56892495588204,180.90562631012185,74.92980157353614,79.81877416350078
1150,282.61514735538367,178.49026957701358,76.09930824293328,80.16119891951654
1151,285.0946864968761,177.97381287678638,76.05286686280631,79.6453000707367
1152,279.57874886693827,177.42111788102576,75.30482635318229,78.84745602504894
1153,280.73876294446853,174.95212771895967,73.76506525260457,78.948583290152
1154,284.3202539561323,175.85857578772743,72.7017080120942,79.24707685609357
1155,281.01410039721816,176.478279886578,71.72407963957134,78.43582091890484
1156,285.868115912653,176.15540336031304,72.73416551905842,79.11745638588805
1157,287.18332111809787,174.6522896467561,72.83302352068594,77.89012717986823
1158,285.2798541403553,176.95254098627197,73.13196269629708,77.50916493675383
1159,285.2348716853665,180.59310319353503,71.54032718597828,77.35259380332894
1160,286.9466245188398,179.6379998869525,70.70255020169495,76.93401422792141
1161,287.2796912240738,178.41239762491048,71.34679623138874,76.56672264360866
1162,288.9471602862358,179.55690965817223,71.56600579942858,77.89036199642402
1163,286.41365129457205,178.8765406026124,71.47502793889554,77.31935138948704
1164,287.01391741686723,178.6668831682498,71.89426893258337,79.06064855456394
1165,283.09812312079197,180.34991246456943,73.09460278695387,79.39611218847024
1166,282.8965552708827,176.35282025638486,72.94779921500314,79.48576097685883
1167,280.46311677768256,179.2544449807554,73.01302165944887,79.85113283430191
1168,278.5191799904649,179.50058071880255,73.1684102108793,81.71465906841475
1169,282.09611823102875,178.70573693843247,74.95477035420487,81.01149630540459
1170,285.30562064826916,178.6037590511792,73.41228608983508,80.22276384203268
1171,287.1636723293233,178.61253804537697,73.93035764552536,79.70350141443046
1172,284.1576564339045,175.02773588889252,73.86030321579592,79.75048359875747
1173,283.3733051670358,178.28505659346365,74.29496859157389,78.54493374776148
1174,286.9465911608116,178.46270047778128,73.82293874510833,78.58429879570326
1175,287.4684957008598,179.5036683196889,73.8015590045939,79.81519044645283
1176,294.33146653777,181.65590056386054,74.34333028597754,79.94800687516344
1177,295.60962453259594,179.53322562910665,76.70930853462647,79.76161232827549
1178,296.29638055205777,180.64647681593232,77.34712640704086,79.34289446109769
1179,295.5000701908977,180.157282584949,76.70928597547427,80.01111011746625
1180,296.01332891444287,182.0882593105069,76.40018923026825,79.44246162982523
1181,295.6805903580779,177.58773735559976,76.06977657606913,80.79786725550429
1182,297.9008973090515,177.46539819223483,74.73097017006731,82.24074064432317
1183,300.8849287061658,176.27438774081813,74.49959568160422,82.45573177180296
1184,298.6487101974144,177.279743676258,75.0625667498263,82.47192471601582
1185,294.8172494123492,178.37168442125318,74.1269873614607,83.26546415492967
1186,289.56900189462255,176.95190583386548,74.92326784494084,84.11518030690412
1187,291.1601706620284,175.53384807413147,75.30467686416807,83.53227867916041
1188,288.08047388988655,175.38856893500346,74.7687419601345,83.16230098398961
1189,282.05750212710427,173.5983330056903,74.67793097149776,82.20309924444001
1190,283.2689343490568,175.4489301082082,75.89629212576673,82.53105027483274
1191,290.5357811512085,174.7606839307468,76.47036722429534,83.05260817569551
1192,290.6343740182883,168.85386876168928,76.49238135898081,82.07429795994041
1193,293.1988178903665,168.18016143645377,76.32605130808308,81.7632699021944
1194,293.5562378064589,166.18028752823054,76.39982482698177,80.80209022460163
1195,293.3834144486263,163.0403895351479,76.0250406115351,80.17515156596129
1196,296.2107221311995,160.71760826409474,74.4565156698408,80.59791571466282
1197,295.4703090158018,161.00923775114683,76.00788248363402,80.09163774695712
1198,296.3799594175167,163.67871158328927,76.14126019105653,79.89905435569983
1199,297.4539002681611,164.37717656429038,76.46030937101196,78.76102058119714
1200,295.5914756947436,163.26678875615,76.43133048115006,78.91735168936366
1201,298.6579010925706,164.24454643518672,75.88670686432056,78.90958187901032
1202,298.2551049833671,163.42388883833337,75.76089664368854,78.41710115611168
1203,296.1279799845024,162.14843251612018,74.5737326908987,78.30730564352962
1204,297.8401175172863,159.99775978822262,76.30658216559155,78.45800832016701
1205,295.294199054364,156.7477567069471,75.38543461607364,77.90808562864422
1206,295.4956027087923,156.09406146502448,74.62640646681336,76.90288403931228
1207,295.5868688069992,156.4686116818877,74.31344022009128,78.18623034207289
1208,298.93367366534693,156.3654571478177,75.29190184974155,77.76520503747591
1209,300.47624639305957,155.66470050870535,75.3178888152587,77.72082614346282
1210,300.5212401937792,153.9850293426626,74.40746820483307,78.45465478289562
1211,303.1100974132895,155.19064671598798,75.36173851783522,81.01078617788087
1212,307.47634971743594,152.8334485483209,75.92983618491515,80.13253332258905
1213,309.31998024169167,154.34048321230597,76.3550410745013,80.48174394163007
1214,309.4757701743071,152.57167530444121,76.91888290182418,79.99486177541331
1215,305.5646693182063,151.27589135589707,78.79858318085041,79.63178260067367
1216,302.448284676473,148.71085386422706,80.55546599358838,79.14102470473178
1217,301.64717994105564,147.8927008732602,80.0201767527711,78.3668094732358
1218,299.9341450453058,149.7086042256232,81.34648807811766,78.36119686653713
1219,299.4936517029277,150.71314126027025,81.67511325248269,77.35137418947498
1220,299.78325201907074,152.56936859211555,82.10018766544286,78.03672980759438
1221,301.4959694660151,153.6051085865951,80.73866606752536,78.09879573861586
1222,301.4040309002128,151.659979976735,80.61733785963871,78.41980827421403
1223,302.99511293855346,151.13471184915147,79.9807115835298,78.11490271810324
1224,303.3118307254186,149.80121487109062,80.66187932739459,77.8805325907041
1225,297.4977776721471,152.28839822052532,81.54678409703284,78.10578253409055
1226,294.8342697485656,150.1920211021016,79.88850939004168,77.31497314193024
1227,294.52754362331063,151.88732884314595,79.88688378406003,77.08939516667984
1228,291.10254052019854,153.6004015256497,80.80430925333364,76.51824453163452
1229,292.9713624976218,157.08858426702866,80.66973765159574,75.93016860178525
1230,297.6095443900461,156.39637312719003,81.27627416507819,74.5243218242921
1231,301.3794168829283,157.8178474983165,81.57850416788494,75.45070120826352
1232,300.8571488191814,162.27968967771466,81.87407533479804,75.00843921507193
1233,305.4978756252436,161.16192839175133,81.66857185899632,75.82067514083086
1234,306.0747947571898,158.29955297589106,80.69716483065805,76.57649267141183
1235,305.1668388534469,154.84568224636723,79.81313907575655,75.71801780983681
1236,303.42201129575096,156.25379353061933,80.39738623319657,75.00242504770881
1237,302.6266647223932,152.83879896390405,80.42911589886155,76.77391803984011
1238,301.57482102965747,152.23356233246903,80.3338540079444,78.01673126578889
1239,302.21005145526277,153.1110835194011,80.01004792144207,78.01800555311738
1240,302.8168144875673,153.5284359673678,79.78219325199046,78.222395845285
1241,302.94719313395547,154.39143123105143,80.63795588029255,77.80287473366313
1242,304.3955149866407,154.88123805120344,80.38414976121673,78.12964444875857
1243,308.1646921015881,157.3550956044203,79.32920670630492,77.65026156698595
1244,311.22928645885463,155.64491241624302,79.9373245981108,76.26573342851721
1245,306.7646730497758,154.46279660089596,79.78967566547612,75.38661445784808
1246,299.14897845387054,153.11378767914834,79.83069480005686,75.42355048537208
1247,302.07789183826736,154.7241195267584,81.14063308930037,74.68206441579989
1248,298.09615943708667,156.48316621936755,81.14017825079215,74.65925274003776
1249,297.5458893809603,157.4114603884967,81.39143866220823,73.96281857485592
1250,294.2022137699138,159.74280736675857,80.45361896260071,73.4658983069677
1251,289.06382991234824,157.57926122094955,80.29313793133669,74.05438959071122
1252,290.74952443727045,160.84405078016027,80.80019851175977,74.24178580141802
1253,293.08237339118165,163.89305809312592,79.56908873973023,74.25760248666205
1254,291.51416653333814,165.42891638319287,79.74500735015833,74.86981749329713
1255,284.17157140884115,169.088658047614,79.84139039925773,75.2169282952757
1256,282.73660389141975,165.84335573652683,79.8903381538236,76.2254491707597
1257,283.960111548224,164.88534030057045,80.73938595764699,75.93340090243059
1258,279.90343265663194,163.5185898959086,81.02606518881655,75.6630505350385
1259,280.529323473674,165.0229302452386,82.24903148735622,74.8046429058507
1260,280.598595138041,163.03790936429968,81.45214901675213,74.5387502341121
1261,282.34171029671296,164.6089545003662,81.57925199422877,75.21134294234558
1262,282.7926319337033,167.4222596563892,81.66451974763437,76.11930734941879
1263,280.1662537323942,168.90924466687392,80.81213078929622,76.80307584705103
1264,283.65221858724885,169.57012687892436,81.60495945924073,75.59551550011479
1265,283.3162060001577,167.65563584310095,83.54093663897635,76.358951637918
1266,283.35217658041955,166.04351249526837,83.54343782983653,75.12839640993303
1267,280.8323535169974,168.63646517134652,83.98321193953355,75.76084919771175
1268,279.70208709345366,170.30611468281228,84.07103580067906,75.53314731015757
1269,277.3491092748889,170.3115246731757,83.4899494768388,76.03504838564422
1270,276.98062955578223,169.5443159367376,81.99995153991524,75.15122086843556
1271,281.87526746712473,165.5551958901014,81.43954138449497,75.97033009040864
1272,278.14585870873503,163.52312540160483,80.3298543988936,74.99774885361677
1273,273.8033187169609,167.40088573099615,81.72683113593126,74.57027755358749
1274,277.9723746551669,164.93079840075023,81.6491379497172,73.92559777583058
1275,277.502099864577,165.38891155204772,81.38346080889214,72.78941805701746
1276,275.7618891395658,167.48420826865237,82.12673529009638,72.87322855528808
1277,278.7559923393459,165.0634583150645,81.22686932245156,74.08967163518082
1278,277.18375572761846,165.51246703701835,80.62247485818985,75.91226651049418
1279,282.40459068759924,167.4695440154055,80.69351217882019,76.00147040483533
1280,284.4393415679437,167.5784332410185,81.54425407337538,76.79218053402577
1281,283.1681543293981,173.53379017734784,81.97076981918067,76.9758449544105
1282,289.4590939968312,170.17871428846772,82.19101335636874,77.3454397704154
1283,287.82620381265053,172.44078251086313,82.27169689319818,77.13076912067324
1284,290.08610500408514,172.169639494432,82.61815953274028,77.28948933513871
1285,291.07201725289514,173.8587710054335,82.80148818509304,77.68757093184917
1286,295.00376867142216,174.86932742434212,81.969424987951,77.30735847212713
1287,299.76632167454835,173.4242873868449,82.0236076457279,77.27663886821409
1288,299.9822435906961,173.98847770153367,81.16387161923834,77.25918628212276
1289,297.84973255921983,170.23745550058683,81.24595560388809,77.85930803439115
1290,299.34262716857046,171.56002914069518,80.87255846525224,77.13901357952525
1291,297.43974715492436,172.26106245759846,82.96911080903196,77.12637308322157
1292,303.6104746404837,173.67314456042803,82.95260625752607,78.48859555158685
1293,304.1469277724283,175.98037321967104,81.81225427085572,79.33900515592592
1294,303.1590799808441,176.84681592461655,81.71889417608904,80.33235669700179
1295,303.8409844947146,177.24996786995536,82.16084295196741,80.37413126778847
1296,299.89524319884964,175.473522767501,83.56397155274277,80.63085173045347
1297,297.114350717644,174.0672145148478,83.089466832763,81.38585428179488
1298,300.82275065214947,176.65211214174641,81.80134296772896,82.56152536107508
1299,298.97270459476186,179.81316781365993,82.4887591464137,81.14838165582736
1300,295.9774208244522,179.3897889123968,81.37401892441292,80.21739441886194
1301,297.6891132861263,179.5786121910245,81.03608017964017,81.19270281215813
1302,301.3603544309587,177.72860406232834,80.84375045039317,81.0149229846774
1303,303.6562401478385,180.33762215203268,80.8036348614669,80.55078740875804
1304,306.8186171764306,181.87429734231293,81.37870219642292,79.67058419863332
1305,304.62721969518935,186.25382309729696,80.84043327420946,79.297395604059
1306,300.446797556453,184.39321341146064,80.6355774468964,78.32634135788082
1307,305.1135579373271,183.6504847936371,80.64019771324256,79.83833764331646
1308,304.2522813246579,184.2533592825894,80.77707788167872,79.84616821475625
1309,303.61149279656104,185.78120006746508,80.87231132477811,79.82847986641144
1310,307.794034856817,185.3936914592994,81.24193584906239,80.27618658910207
1311,309.63467703755276,183.5534843399018,81.9467757490585,80.998782843973
1312,311.17393087062976,185.59798862908497,82.28561470426287,81.71577938552521
1313,318.1115293595979,187.30468219630458,82.67623168609856,82.53394958758346
1314,316.1974500056678,185.34914529985923,81.39468084722897,82.09130544896817
1315,319.2725930405476,188.48277660592493,81.45186253517299,81.8960948378244
1316,319.5824796510342,191.2437928383986,81.85973857425654,82.48963033597362
1317,320.57020975341356,191.64804184019965,82.47512142959525,82.12365432586964
1318,325.6378908760874,191.92712616355482,81.92245930808785,82.14451969482724
1319,327.4267472016367,193.30407012659322,81.40061179931708,82.46459132756596
1320,329.3257288183362,191.4112022309965,80.95081776636485,83.07432349646949
1321,333.00995737275787,191.57595903687238,81.40249480007901,81.78031299908362
1322,331.9295887210096,186.78454379478046,82.26491673956015,82.33277389248092
1323,329.2873479451565,188.85381461231796,81.94678971055261,82.18441919486007
1324,325.99520596985974,185.44073246325544,82.7107642519732,82.7341831648457
1325,319.7754752708827,188.91106852003153,82.82952267548677,83.33971791313017
1326,326.5493810909034,188.2582943993638,82.74318828911203,84.57988537071965
1327,323.09587228255106,187.87463822964645,82.58498231441081,85.64214923762667
1328,322.51077971730393,186.55798748467615,83.22052111812454,86.71238344526849
1329,321.74793491284134,186.0072495670343,83.50861027753076,87.87274931287627
1330,322.8676526498293,189.29526132130903,85.44799949806703,88.12992519382033
1331,325.6424066695616,183.819504321563,84.73983105274867,88.18190771984695
1332,328.5879723239103,186.75132256892803,85.19704656493184,88.90400283990583
1333,326.8083219940609,187.6041556145247,84.76432498979587,89.51855268690193
1334,326.3931416024707,184.99890904665867,84.04748094838462,89.29667920698184
1335,327.447720452539,182.71840172438246,84.05515724017246,89.6495079023917
1336,326.7650786712282,186.52455556147646,84.18752422821666,89.64808533726205
1337,332.1926111057062,184.51242641704383,86.69779730380101,88.98843758891344
1338,333.9611617873084,182.06733786901418,86.55560323197398,90.05499985992367
1339,336.55900469922125,184.66149300119008,85.59999562674166,90.1267836645117
1340,338.9329481295577,185.5059609371193,85.85118060784747,91.83153532872404
1341,343.07086635121755,183.52151508563836,84.10524563859607,90.52502486288701
1342,343.82996550485615,184.09122241523758,84.04474797852835,90.09956362278537
1343,339.5356433863072,181.93006892185088,84.07503079064864,90.15307608128569
1344,341.0318275625416,184.44148031924132,84.76270340262073,91.10798950066922
1345,338.95326616289225,186.8990599783227,85.60912262390062,91.463567638883
1346,337.3011235702642,188.19012580778315,85.19614224446083,91.7470175278756
1347,339.42048697896354,189.10316109043725,85.08493678353373,90.84816584086927
1348,343.7870909258124,193.23884246464212,84.4524627907142,89.9340957989707
1349,343.9977992425996,193.33475831756337,83.52184212527919,90.22257519996788
1350,345.19987252424585,190.70747240968797,83.79783130874654,89.14842891262496
1351,351.2666913493394,191.83476123249025,82.75391069517015,88.74932488843783
1352,352.2542694335292,196.7958599380383,82.42798502045694,89.1770819174576
1353,361.68371061171223,194.51121723957553,81.62807536921427,88.4186711059232
1354,363.880384189742,193.76620053029666,82.0944238831871,89.73235107329896
1355,357.6724313031685,194.83433489444755,83.60341734163484,90.75347729457197
1356,360.5212811818316,194.80572397797644,82.53880255097069,89.50585209874755
1357,362.04284864222774,192.61919014054482,81.03963304766268,88.78455178976463
1358,366.8892747215499,195.32745878116305,80.95467766197731,87.00283230306282
1359,369.5152133307032,200.94232259600116,80.98358185640058,86.41811784177304
1360,369.1515825289647,201.51654599405694,81.17708752924709,87.04235570427404
1361,364.8055128578984,199.44184152534666,80.83174959770525,86.74474085835209
1362,364.1894275077441,195.8668607159628,80.68586749187861,87.13136898227472
1363,361.2495280435168,196.5724092076353,80.99914021843927,85.97150973411921
1364,359.30215737098956,199.29325560844154,81.86265049707605,86.61714164873173
1365,361.56776624317416,200.53311580238815,80.29379628570017,86.21134257810326
1366,367.80338943654056,200.62762002504587,80.014107818835,86.24665569305787
1367,369.4056057224858,199.31356603016798,80.2014067146287,86.2004510344297
1368,365.16029159590545,196.81679662881075,79.48444115424452,85.245171339955
1369,366.9341627542811,198.89764498936302,80.88860733233705,84.39040534558463
1370,371.4999589976404,201.1911809628469,80.39233945785936,85.15421141133841
1371,369.38923472517985,197.59250365628586,80.37522359091942,85.4861858633021
1372,369.04210863732214,201.4991000996761,80.83953863397699,86.32379077967155
1373,369.2439863009199,202.99346167406162,80.3790313030399,86.6023680196498
1374,366.50371287194395,206.5347968106008,78.92417701849452,86.73990778140839
1375,369.0349873576287,203.33672989896127,78.60230791054744,85.42851801712985
1376,368.7363812420143,200.13126633185118,79.43153592479447,85.24646758966084
1377,370.4347438211497,199.87373680289406,79.18021967311047,85.25103190288999
1378,367.3086039498871,201.18386965710314,78.52854372363532,86.7888524399513
1379,365.85160281970775,205.6705453625255,79.27468882095819,87.35329825993814
1380,368.6514464185886,207.5243207346825,79.02870541451779,88.59587913447727
1381,367.4264918475127,207.02433895383345,78.64228548225195,89.10034308093321
1382,373.97648270684135,204.59244668205986,78.77566259995967,88.55833221321923
1383,372.63394352470414,207.73847195774948,79.4010506871866,88.67833186858638
1384,373.6215551081024,205.45016061733347,81.3311210718556,88.89372780924751
1385,377.2730925740932,209.60925348306793,82.0231149680909,88.17197657111814
1386,372.10856435687583,208.99963049028509,82.99658787895238,87.8938380300613
1387,365.7600668020472,213.13365748550126,82.59423096669252,87.75754111129208
1388,360.3662949375173,214.98465303047755,81.76760628664394,89.06160984914673
1389,365.09107431678893,214.7388628359615,81.83495438094417,87.4355290570263
1390,363.2271004337064,213.5113391414378,81.93909002365326,88.41609973805174
1391,372.788133860595,212.74601735928758,81.07632859109506,87.70008948052484
1392,370.8389148519606,213.94925222650346,80.95051920058077,86.6497565860235
1393,371.67257411409247,214.25453534517018,81.29067163739153,87.60111149535473
1394,377.5996053445827,212.8396337241834,81.60048486401068,88.20650990961737
1395,385.4052268318526,212.52325377468145,82.0294297649006,89.23483025748253
1396,393.5902343433682,212.83013010032175,82.28490937967766,89.90717548941701
1397,398.5344788453433,207.56603440270146,81.88514896975005,91.61695562741869
1398,402.79777673963093,208.81476028007629,81.48171480788966,92.1064408633343
1399,405.3536560193929,206.47738482338397,80.52672548339687,92.00441617512008
1400,408.68452323205145,203.7412692653485,81.99324561323147,92.31650228640427
1401,406.60071692222414,199.75722791667602,82.0206772405862,93.38345025011373
1402,403.44883454618986,195.60084132259217,81.85282735837983,92.75853876664286
1403,403.5966269341415,192.5413024305578,81.11232525366476,92.24358693472367
1404,403.07154804898505,191.00554084829596,83.54550927116593,92.01504737051275
1405,401.4093799911387,195.6332136169092,82.67011945918271,90.31566086225013
1406,404.376218585006,194.4997720040973,82.33281439291731,90.45509887312302
1407,408.4210921781088,195.01256494779767,82.6924342350046,88.95925217860665
1408,408.9458698387549,196.05000784539726,83.20689716759804,89.02844790297836
1409,415.1990735488546,196.45679826708468,84.02459583914758,89.75139458712616
1410,410.6499750261558,196.37247323669752,85.57435513095515,89.39383121032722
1411,410.01945704431995,193.67271615533275,86.02579776007966,90.7806103596076
1412,407.25372394760495,197.17286570922948,85.1391449283793,89.62203467097629
1413,399.8826085466172,201.59630236818643,84.93765068456594,90.61525338616183
1414,399.7119723236692,197.6653185731863,85.21656072887383,91.19488336535353
1415,399.38535126606234,195.34885245499223,87.01478529318068,89.82420593451909
1416,405.6380424459596,194.7913962371718,85.8241122295939,92.0702287217908
1417,408.3682568924159,192.6460889483351,86.87981791677647,92.04503185170509
1418,404.3688633480059,193.9162483231272,87.05367688365327,91.34838265525725
1419,412.10097948548434,192.3250847002176,87.803662108022,90.22592413087395
1420,417.33061613506,197.48601319352375,87.73169725180243,90.07445721939901
1421,419.934912549028,200.42785282228928,87.01312209525638,89.99822688788643
1422,419.15253044744736,201.04026955952793,87.68647457903403,90.10843501918986
1423,415.31634036411924,203.6349783372895,88.27985810226056,89.89421707756603
1424,413.93892054706527,206.45859303656033,89.16000313548874,90.43511579511775
1425,418.63771932397685,205.16868705512096,89.16597292264235,90.14720745670219
1426,426.77279572138286,203.27055959288364,88.65046493301054,88.61749472248005
1427,433.5834205127745,203.5630152661725,87.29676509749,88.52500389726153
1428,431.64164492110996,205.78156616104573,88.03259466579765,86.6847299510019
1429,427.00663169892624,206.22833402679893,88.4242306670921,86.98726066719094
1430,427.77972696978236,202.46357924043957,87.5918720065904,86.24982067229435
1431,420.44934685389774,200.62271841643172,87.13881933963057,86.40263905328551
1432,421.97905916549877,200.5449572058275,86.75038730883381,87.4567945439762
1433,421.5252429869573,200.46315410829786,85.49048123432574,86.73922091443261
1434,419.73321165160354,205.36748127456815,84.81125136489372,87.59793834970371
1435,413.2580715615849,202.08110175042287,83.87183934142661,87.28310855172859
1436,415.55221301181257,203.41254974522508,83.54330511080586,88.69785531736584
1437,413.50981934610036,207.18363774190846,82.94503392217243,88.43336552030547
1438,408.86379978871616,213.01507455953663,81.62275613598399,87.79327468396212
1439,397.44615690755626,212.0898841606488,83.30711832580162,88.36447705628726
1440,397.49578153539517,213.45100469777088,84.37400925184114,88.04499037218626
1441,404.7650751772652,215.02288072155463,83.73601843494883,87.40695817112822
1442,411.7100871378513,215.6356602069724,83.98123883327476,87.05798002719422
1443,409.9964360480393,215.48775418244674,84.34943220671201,87.04914767797885
1444,407.69785414437115,216.7264127718195,85.3771871843749,88.13348112074671
1445,409.7774014838045,210.3449567939583,84.69807599325625,86.63862276139469
1446,405.8689136403495,212.17972359132608,85.6452661631409,86.68262260574386
1447,407.25851412921736,212.6075128337802,85.19433156133928,87.19766602104724
1448,410.55461144145295,212.1467186495879,84.08063480987806,87.37582144804055
1449,415.78915327375444,217.53080022940458,84.70864327515665,88.43849940292955
1450,415.53911436033815,215.88400348361526,85.82627769492969,88.4058620718573
1451,414.85954220074126,214.94976091480157,88.09399030821986,88.28562680282491
1452,411.3976169016242,220.25874530316224,87.06082945980683,88.78416246021457
1453,408.17311300896444,218.17952534064725,87.68898215198602,88.8902184473964
1454,407.4126655681333,216.85238123218298,87.34783473928026,88.60501237645556
1455,409.0757092714597,216.57838690743336,88.0523773913203,89.04427566967385
1456,412.99525071599146,218.8838797922724,86.78440499208898,88.54943386597549
1457,409.85535464819816,219.54011893918542,85.7125487847584,88.09011956780762
1458,416.1855479727679,216.26910437891672,85.06711162974442,87.69881876645175
1459,415.2247556838405,214.99987851932622,85.15133915555546,88.79994696023466
1460,415.30213049864636,213.5453473546374,84.62411906721124,86.28854938920864
1461,412.37542652238545,213.45425712253316,85.20071831921742,86.62230059069012
1462,402.6596890879591,214.65512731839823,86.0973653394441,86.67502164873089
1463,406.3976912286132,215.84296952009333,86.63246123393013,85.39930027048742
1464,409.56706148162357,211.3972382566001,88.0638802239953,85.66338158364167
1465,408.5798549771755,214.22059484687256,88.44852364533065,86.05677184109781
1466,409.017231428831,214.97830741393673,87.39619637339335,86.5406260699347
1467,411.2974510702672,218.68919302644622,88.61361616241459,84.52501420582341
1468,405.082690117773,219.96795832914705,88.0966022067904,85.596553660964
1469,403.1064587213967,223.00579714310743,88.92009431210869,85.05561962482282
1470,406.48350067514986,224.36996323594022,90.34859731473753,85.60849344773787
1471,401.57746155932193,228.13807096850093,90.78030638119847,86.20723999224383
1472,402.91919151547796,229.68711833239945,89.4500871173575,85.5553804654199
1473,397.6491987597956,229.53213575319432,88.65023312244256,86.0912715503084
1474,399.6681214271137,235.99538775219978,89.84860676532874,85.8188424539936
1475,399.6855414125612,238.64586266276638,89.71472196102616,84.25906810972307
1476,393.43928977741405,240.4147699734436,89.8040985713868,85.17482203323831
1477,398.2078745703139,236.87912428927228,90.50624551453281,84.6081391518194
1478,395.45153993129355,233.361859878135,91.1568900182845,83.98515258570261
1479,392.4172655954311,234.30012553682417,91.42967397065024,83.70614865879473
1480,393.36243710098455,234.82701476052657,91.25733771707928,83.93666832789857
1481,398.0659886535892,233.21940547861382,90.9906467357024,83.91858748877428
1482,394.20046486842386,233.73113459512146,91.7929691912746,84.35885094180232
1483,394.60149115611455,238.34876029315114,92.32097849692184,83.3729845249686
1484,396.4557912934224,240.4662651663265,92.10216054456211,82.84263571820242
1485,399.37291064760535,237.31484229053348,93.12284400406305,82.78102590093957
1486,400.2382557321236,237.1160306391986,93.02136366926577,84.23241850139159
1487,398.9315031002778,234.954059681293,92.25094824098325,84.17142996869985
1488,395.80189800400535,233.98045946676595,91.5717533802999,85.02306328971667
1489,396.301492925288,232.9384410907195,90.698012733039,85.07809071506159
1490,392.2321473890526,231.72294844983458,90.4693705433263,84.73397317420567
1491,381.09183102388516,228.37313445287205,91.6107469122857,84.57139606579891
1492,382.91229586394303,228.13760775888258,90.89433130500755,84.46863855086698
1493,386.5438512289361,226.72134266550583,91.08402161437311,84.95427203869089
1494,377.6681856945518,218.99925188833262,90.50594159295538,86.03761954037941
1495,374.0235216105973,224.57370891179673,90.2887087520388,86.3424844367745
1496,376.4970568409599,227.64086052302002,88.95334323676826,87.29607167694155
1497,384.47746734740883,226.72857681631703,88.77513652348162,86.5673181889552
1498,384.7112765184167,226.89320263893933,88.621063190986,86.27075646642342
1499,382.0735358920123,223.83732976881973,89.11898993308803,85.73592724646586
1500,381.5279563065614,228.5530286289603,89.33606336773482,86.00470122375852
1501,386.9644747079471,233.93322713704094,88.28951257868678,85.7530226240902
1502,384.6266988010171,234.49072743750764,89.26980605774565,86.34399772013838
1503,381.71770006343235,237.50731262256514,89.47563405819317,85.64923351676808
1504,380.0314054081419,238.1264545806904,89.67125657812757,85.70811864869748
1505,376.5762722400329,234.4544085303558,89.68095742247137,86.26545908967383
1506,377.18934856345186,233.41529958927634,89.23567291593002,84.7021979121691
1507,383.5208921039704,233.90204210904972,89.4481299477907,86.36100409774929
1508,384.9159079454574,232.74602360792014,89.89252481118572,86.16705098975058
1509,384.09939279079,232.25223300082934,88.353501582989,84.63623683407741
1510,383.1334039806826,232.1136674531126,87.8963450181862,84.78217763950676
1511,377.3417719659034,232.00447392183196,87.69007762285173,84.8331462975055
1512,380.84117758429966,232.26611402176965,87.93258655641687,84.7960781213482
1513,380.697105215823,229.44342769954912,89.00598094498459,85.58157487365582
1514,380.16267772090464,227.5914880725053,88.33939529612141,86.18507492170289
1515,392.65459648015036,224.22214781636404,87.91817413101712,86.44236606798106
1516,393.9869808167724,226.98208152071797,87.48621178815308,86.81933100862112
1517,391.1925737167272,221.4292919967659,86.8051477238055,86.76385156487773
1518,389.6840874444893,224.6281569126498,86.52159712597552,88.18787623764321
1519,394.34290015681455,228.5105984378025,87.2085243749342,87.04774243645264
1520,394.94777456714405,227.79735158109324,86.3115761683528,87.1833695750777
1521,389.4637372049991,220.90191507761116,86.69895856080389,87.26058035330743
1522,393.2175611616889,220.0562186612943,85.25296106221585,87.92800390513688
1523,390.7553295848766,219.99676531745487,84.7927012953741,87.28893057620687
1524,398.3036230153457,217.45363698147403,84.53068262651394,85.95557593203011
1525,402.78989232652594,216.22143482172268,85.97556888747492,86.1028068689259
1526,401.15257773573285,220.33858503645396,85.75678001434349,86.3469157059002
1527,406.4870258138195,222.21480676929767,83.90646910176667,87.53856858898239
1528,406.92568098510276,219.87291992212593,82.2623743488743,86.56938418444969
1529,410.57487161084134,215.80571874970636,82.30683237861723,87.49997132108646
1530,412.7349550787759,215.06801886150285,82.8301255828939,89.41113212852565
1531,409.4202215488486,214.62511682515876,83.15833069183519,89.13439713650538
1532,406.9566085328776,216.01487127035472,83.31445723828598,88.13121918175898
1533,411.33426261712236,214.739024917539,84.3052960072368,87.83535196915578
1534,410.12353601679524,216.16920297655113,83.86838913838255,87.87278172870126
1535,408.63483653761466,221.3584418842453,84.63923076246702,88.34628923974515
1536,404.9123853550095,223.64708787517424,83.28577205088202,87.90367780783885
1537,406.79391339331,223.62985382766865,82.55198800771211,89.16944458798416
1538,415.43740415571193,223.25049592686156,81.0898531978878,88.30596336485766
1539,411.1905046016825,222.4081847295814,80.88346261774244,86.96056971359745
1540,411.45465371811315,225.69444122795935,80.86222442471792,87.85741251776531
1541,417.4734803164247,224.1138749831193,80.97073461494983,86.1029435802775
1542,417.30802081813556,224.3476742260655,81.03706331968755,85.97069057118384
1543,419.3677945272813,224.59782097846056,80.30493600042416,88.44364424769533
1544,415.10204884850265,223.36114150245345,80.16834050292576,88.46059238319596
1545,417.05056015118424,219.8224870444435,78.9926028622572,87.59905937738823
1546,416.43734543553705,220.7864705018569,80.09284331304829,87.58008947495419
1547,420.73085044120984,220.73524346130466,79.86600097096745,87.56632234545599
1548,425.92666332755067,222.17533681110817,79.4923969517589,87.71933349066343
1549,437.2752309964148,220.8676541020227,80.78172664322251,88.27021124646895
1550,439.99314523896766,224.2392422152701,79.80038421822572,87.47479473538988
1551,441.60557125700865,222.00329900160716,78.92298062115047,88.84014438023799
1552,442.6418393413785,226.724749742001,78.0781497379153,89.06305951846106
1553,441.2578026020978,222.13050897820517,78.04078159386744,89.67444184257128
1554,442.93105659352284,223.40411988234118,78.39403555041557,89.19566632235201
1555,441.80124781695696,224.79468991921513,78.99184363264331,90.26139898756136
1556,442.7231916239915,222.77021441459524,81.06607437399789,90.07984305716303
1557,448.77457453321244,224.0195979382684,79.27875853182789,90.33223692268493
1558,444.4578722363919,227.5995585949751,79.7787825686738,89.60368443448164
1559,449.73299420448825,221.73565669797023,79.3514151251647,88.82996665649037
1560,455.8779914602637,223.18898400626966,78.90322718947245,89.4086919796451
1561,455.5222331131734,216.71857547329267,78.43140397097062,89.07916259095376
1562,446.1369541043649,214.32887769459978,77.73741797682901,88.42378848194478
1563,443.61086900690907,218.66954064235702,79.07382894380086,87.93979071062424
1564,449.5817483554534,217.25684235846123,79.75862871900583,88.52127879583793
1565,449.65877701856016,214.32503104126792,79.79308868128808,88.04795601264122
1566,445.36581449755016,213.92349404722722,80.89459817682476,87.98116226117074
1567,443.3006687413542,219.40806855407433,79.6961884208626,88.0194643751651
1568,447.22170257312854,214.74539900408493,78.65842227368557,86.53957607020247
1569,449.85341544797484,212.1593019531674,76.97918279098468,85.4269562957146
1570,448.9594021399883,216.1141190277203,76.45794770873712,85.7116023267071
1571,447.4944883665158,221.09644855642526,76.5969969602381,85.17048343302069
1572,445.92315530343825,220.93263817793073,76.69116077375901,86.01016263389349
1573,442.0055938665251,217.78083607696973,76.8211410755291,86.78785767739944
1574,449.38334327418846,223.43919972540047,75.75991359615132,87.37762485563647
1575,448.116431328266,227.86939792701085,76.38610865927248,88.8471242256294
1576,453.78552531295213,229.84841181644086,76.58468568622257,88.80734703933796
1577,460.92615036783553,227.73238382000426,77.16358692526943,89.35429598272296
1578,465.736929018688,227.712264076744,75.73194393108122,88.91223077240016
1579,463.9165753646673,227.38815959251477,75.98340495729288,90.92373164070563
1580,465.97968674144863,228.40690902174128,75.10125789414455,92.58931480659656
1581,466.0533378251799,232.53499835065568,74.81841733232842,92.62699927949953
1582,462.04535988002806,235.11946548403512,75.2343361645714,92.97772460770469
1583,463.7319357665256,232.215364380122,75.31796314527277,94.15041119231749
1584,458.4798131615904,236.20101316933827,74.69426093026607,94.05402648146087
1585,464.14316811737314,237.20880307422746,74.71388804831986,93.52789652307759
1586,462.1765142724139,239.29224047045614,73.59305349020265,94.29476352021466
1587,463.29244260739006,243.66249699780798,74.45934809575438,94.38966736712405
1588,464.7926345468196,240.55412008223692,74.32151455390719,94.57361834800075
1589,463.77629316915306,240.5709818464714,75.1725375844223,93.89434110382193
1590,466.69187679976335,239.16118388881623,74.79272760259619,92.48172615566503
1591,464.66662390400575,234.82097635770157,74.41703612527616,92.70629260103847
1592,468.9204714498814,235.9179183256682,73.86528993292454,93.49248044293076
1593,462.83628099725354,243.25800266159283,74.53022644949958,93.33066728117366
1594,463.6069870265004,238.06450979619478,74.01815905110219,94.57343426761346
1595,472.87281987566496,238.0913251470618,74.51171862585254,94.00437916023465
1596,468.3534094508329,240.04846354553834,74.24213796106741,93.1442184384419
1597,465.37601332614497,240.5234939739927,72.80409859729929,93.11580700819813
1598,467.9609199857945,240.31732467898445,72.40454780126355,93.07453483087886
1599,468.9896059027864,236.71801907205477,71.57014589268368,93.74987584599681
1600,470.8252033297897,237.4989211029467,71.60873454989756,93.1262104861
1601,473.32335382693645,235.4696223556171,70.77550597879222,94.30823591958428
1602,476.5277663839493,229.4770105427424,71.44820139186788,96.02137048545877
1603,482.03802035578553,232.90670349690706,71.39743701076924,96.01634905986403
1604,484.2112013272773,235.71856896485755,71.28500612623525,97.13151388408757
1605,483.2376692026511,235.98270554761726,71.76844780980734,96.2411864689027
1606,486.69339140917225,236.75063566389562,72.47806781983913,97.20619010938428
1607,496.22683843333533,239.94248125318762,72.47799624649988,98.15617978195688
1608,495.7673777630101,240.70961959101044,71.93558118408865,98.95159754498535
1609,491.15586785251287,243.45680137793647,70.68485370137691,98.96742435726551
1610,496.82225877461474,242.7105869429933,70.21562179869186,96.39964399572683
1611,496.4230677189333,246.68532539546771,69.7975351811219,95.87324594831024
1612,485.948099386769,247.76060235748662,69.88627451460478,95.36329158364468
1613,490.27969951296075,248.46241589102678,69.65941049319012,94.55573279893483
1614,487.8572105595356,244.82675969273927,70.154302111812,94.6882212433008
1615,487.6107425775078,245.7941328864628,69.73952981675693,94.36015920588123
1616,489.4279363359467,243.4741723151473,69.71370226486364,93.6905596780904
1617,490.55736732930535,241.73727010031746,70.55811962537777,92.82984858715238
1618,494.24766967887433,239.50324555041803,70.81387911480662,92.26165491335058
1619,492.2968476687419,236.5766244574677,70.78553265342656,93.22557634728035
1620,495.0273143010631,242.80761107036093,70.37479646782033,92.70040883642187
1621,493.9416904410057,246.84126408625428,69.94455665159556,92.29947324658141
1622,497.80357897187105,252.7219530396009,69.3659940295742,91.94845570683657
1623,501.07673564964614,249.16495432683337,69.00553226881124,92.25708642732096
1624,496.60992923445235,249.50281290719607,69.54286587197682,92.6644906921469
1625,502.23326770541973,245.78277018878273,69.40260861137956,90.18683240033612
1626,499.74854104962895,243.86133370915815,68.48582052273969,91.04720889638563
1627,504.0047194414396,241.30995692976828,69.72147783226336,92.25951888908227
1628,506.0616526933414,245.04876793999375,69.95890995224593,91.41904115979759
1629,515.6562399898353,244.00836010103868,68.99531715736978,90.64974283965212
1630,514.7110535164235,247.28043066220695,68.7048741980674,90.31023693720041
1631,513.1214255370103,249.20416246759692,68.79485839841837,89.7247619284158
1632,513.227038816102,256.3173064088097,69.99157869804172,89.9327461104108
1633,511.8781048492413,251.93291063871078,69.23412008477055,88.39747430023895
1634,516.195690761488,255.89664265345644,69.92716589199446,87.53879350893111
1635,508.12263867821656,259.57116755270573,70.92685093148575,88.78651890145743
1636,502.9979069571384,256.68518366028064,70.49646271671585,88.07430600405564
1637,497.854556803165,259.9361353948375,70.31515826642188,89.09219202981343
1638,502.80934158782804,261.11729364272327,69.60415791166496,89.4043861322098
1639,511.68908739277083,260.5357250722032,69.47657839452376,87.98675866373536
1640,511.3594140219716,258.1014607506723,69.46505320403327,88.51785616010905
1641,510.7010961323989,256.011778432169,69.9387804568859,88.45069609164703
1642,511.26344311648825,262.5184061056614,70.71955523437543,88.11529143563249
1643,517.44528218541,262.6518502441185,70.20651890091112,88.33626282243208
1644,512.8740268398531,265.2611870016081,68.85259519404414,88.74103437855368
1645,514.3036980084207,262.8869677393968,68.85173813654227,89.3347659585505
1646,519.5514896176488,260.56853687089585,69.06795295581158,90.31422732298786
1647,522.3703719641549,264.10578976675635,69.25428513080611,90.67377972560323
1648,523.5710160103885,259.9930310896151,69.04222609591932,89.58496643748795
1649,529.0501020357287,258.8302035445931,69.1422385354378,89.23066080204175
1650,515.1462367889194,259.06541331492036,70.21207177841018,91.65322359068121
1651,518.8576502039705,259.54161662410826,70.49470499847061,92.28047365082298
1652,515.6812343243654,259.1139542338838,70.2460385827618,94.29763895722381
1653,506.52945838649924,260.4778373044105,69.90952724557287,95.51803315381781
1654,509.329170884016,262.78390727964313,69.80484462503088,95.75484977220796
1655,516.580479845707,265.24334818876105,70.9709624787126,96.043761904343
1656,516.0773250395005,262.2551943539987,70.85516097150285,96.04095551215295
1657,521.2268472883089,261.49317736547755,70.85530668917357,94.57890681770186
1658,529.9105067151577,265.4019175825583,70.52848903390698,94.62265260823276
1659,537.1392014906281,268.40072690331425,71.3221231240956,95.68800730721482
1660,546.2391736802018,264.1472730217562,72.74825606036872,95.20154923661637
1661,550.528211432054,265.39640036859214,73.09142571384109,95.58384229767846
1662,551.1640731082186,259.30004232470793,73.16658250826016,96.34814207224728
1663,542.6219647946671,259.57588162374225,73.20814036449258,95.59122122108529
1664,541.5049757158596,265.6878912724422,71.4975765029267,95.23230874834842
1665,537.1727778438516,262.8142650606118,72.04673910944541,94.3921637342566
1666,549.1816254435043,260.3262597750747,72.15789664675206,93.7244006618447
1667,548.4358723311316,262.8553936735621,72.48213715042209,92.67234687934912
1668,549.3316768360748,258.1628090791816,71.98267934551583,91.95194321830606
1669,552.5905216647935,256.338123644211,71.72081100741889,93.16211851618644
1670,553.0526940261087,258.30851423289715,71.44091234513942,92.42540549647835
1671,562.7321696444204,256.4780874612016,72.18894639211095,92.55842114369982
1672,559.4629475491803,255.88076956842687,71.9304254579119,92.16811129926938
1673,560.7770301986194,258.30519718669495,73.4588908784104,93.17915144614643
1674,556.8515403582757,259.74499821403714,73.7908371590134,94.31351140128587
1675,549.7691401476342,260.7083095424503,72.87005158316995,95.07833114715213
1676,546.634699553433,259.7793786239337,72.79099675658965,95.36925970599755
1677,546.6508976889752,261.06605521777107,72.33264331531421,95.19969760678293
1678,544.5269106308893,260.80908596445886,70.77683095248375,94.2122196132418
1679,540.9858666422803,262.37698289205395,71.93237273872248,95.90342091911252
1680,533.6445493281171,260.9474774593467,72.45443166770727,95.2785394429698
1681,533.4145683601951,260.50663303916053,72.85636562480781,95.8780827434982
1682,525.6584776853966,257.5590025778957,72.99156929098083,96.82580149177774
1683,529.8809080650356,257.5795846001247,72.00415096367088,96.37202656359376
1684,530.5300902871703,255.21255026027717,71.67110001580274,97.3057508124622
1685,523.062605802197,251.94937412391175,72.29141682324564,98.00671632062812
1686,521.656367498595,252.85902115197857,71.5497638624532,99.57266555690275
1687,517.9545552540811,253.63214825097953,69.77498137684569,99.1826962911479
1688,519.8182609664614,256.1541641399329,69.630622737793,98.07091018866151
1689,527.043852579663,254.95981896707406,69.54589378710976,97.65505110125534
1690,517.459898910562,256.3394632053175,69.65416594956373,97.86814019575914
1691,518.2627188323414,258.1684206324111,70.17749653776177,97.94880840713061
1692,517.6404891656081,259.67983043458014,70.64050856230418,97.63187594867556
1693,521.33580095179,257.24825890700293,70.83770770857748,95.99741469085149
1694,522.65747813654,257.83864141217185,71.70401674296855,96.43368863804913
1695,518.9495325628067,259.09729614132095,70.63721072534553,98.19022887107083
1696,517.503402148416,259.2492083624741,71.00873430765549,98.63093642288356
1697,513.6056950204428,252.96523333495156,71.4693203445678,99.20289416276023
1698,519.369674629238,253.57964042998128,70.60300085790944,99.74522616686625
1699,519.6882063780102,260.5326813589718,69.56377394748851,100.13233054863564
1700,529.8748971020741,259.53922269514175,69.0606097577406,101.00576661195053
1701,529.765431944719,257.41019788434954,68.61897547388267,101.39623634042422
1702,526.2362517278927,258.69534518088295,69.15174560403752,101.1416367953593
1703,518.5378975528325,259.7967603669836,68.74183141370025,100.44978780281242
1704,509.4754764808771,263.6737270492537,68.1693076096403,100.25502763436609
1705,501.66890964295885,259.8535072449253,67.76718570513242,100.56903241133898
1706,503.2120370290569,262.2752701347641,68.54321446649716,100.31343505619412
1707,505.980877107865,264.2722089179197,68.56586719987095,100.62781221852937
1708,498.24253137972994,263.95375250003076,68.45676225174292,101.05662810861433
1709,502.92313857852963,265.16125641544767,68.39517512154313,101.84781088747796
1710,500.6998110178701,268.5915020015036,69.29847403975315,103.0613872758547
1711,501.63595733162714,271.5535696975986,68.79500696062534,103.16471342813911
1712,509.9929378667447,267.98826662062174,69.71993246342528,101.98817562770093
1713,514.7932024913522,270.77415485983954,69.88081967566802,101.70240436082682
1714,513.6180855129787,270.6993602409669,69.78276232243697,101.77327118230441
1715,509.2647621599108,271.0716894042034,71.5642770884464,100.1356321760911
1716,498.6227953289358,271.4455824541707,70.82695377017272,101.42540168070494
1717,495.24785554413864,271.09214199973735,70.59100818883947,101.58592282462347
1718,494.4010614731719,275.1342775332095,69.74030825039414,101.96576770103829
1719,489.74030355419194,274.9954755309476,70.42181455033229,103.25760490087066
1720,489.2935852683209,271.46143670750035,71.63580152337433,102.70446569203615
1721,489.8656682156561,270.317645711795,72.85667813385925,103.26742433026612
1722,488.9609586876047,271.0334024902883,73.76863827171074,103.19632058252175
1723,485.9873629464704,275.1984977033602,73.63772636891076,103.05640063448813
1724,487.00245693666125,277.3360043945122,73.38393710693678,102.37337672160956
1725,489.35518456260667,274.6570861172578,72.18219244499157,103.9507380962176
1726,484.24190415753776,283.11286630246724,73.68152643304455,103.6311141543708
1727,491.3191455766799,284.1558748565022,74.04269524347413,104.31683857340492
1728,491.03137517361534,288.6825471433529,73.69406896074572,102.60203082386097
1729,491.32043033203905,288.30157231538277,74.69423317921753,103.72857408215386
1730,495.01034768891304,290.29782225966284,73.98595251076439,104.74695857702099
1731,496.3646450471943,293.38360692624747,74.30226714059853,104.87030857653252
1732,501.31878414039716,297.85277711688906,74.18894673547896,104.68773304453067
1733,502.9614042668952,301.8070022152921,74.6792252716807,105.09681239492903
1734,500.0904901411938,305.13494200741235,74.6466919786614,107.31635531960566
1735,502.10240734481965,304.1354224498961,73.586157481098,105.65847238785624
1736,496.5910426257138,302.2069713683021,73.6565220818158,106.43667212036945
1737,497.3293250768873,303.567323134691,74.44803278591552,105.5986539590495
1738,497.362995458454,307.13916322606633,74.4411716692427,105.61140412236914
1739,496.5275468829683,306.47258219696073,75.03542404637221,105.40767359382188
1740,496.0881283031916,310.5703235110744,74.2698459722297,105.03362884895098
1741,487.0345662635656,316.18951391880057,74.26519623626825,105.05524844800864
1742,484.5631916946227,312.88819128597163,73.81760957762472,104.01954843128325
1743,485.20733694992833,309.9164862338014,74.38595325716155,105.01901942011904
1744,486.1780244947175,309.5496072638838,74.42426560956503,103.3678700735241
1745,481.3998005143571,310.84976143358205,74.95461343023587,103.90240655947183
1746,487.7266909200203,309.05365700404815,75.78950907419045,103.6285879715241
1747,483.7138151820033,314.26649659742037,76.33076485298416,102.57301776322197
1748,488.62142756871174,316.0277870962099,76.55483262735203,102.79085230704258
1749,490.9095802273473,316.33554710716214,75.8096147190517,101.39094668049073
1750,487.94255483128535,311.0869931680301,75.82266562548534,101.45762547805148
1751,496.8811150444514,306.3667164111525,75.43462316123414,100.19670823513793
1752,491.1818491151271,307.55530202749736,75.1905624067504,100.64372294103447
1753,495.9157065244537,299.93439504391125,74.92445817879148,99.83986664394742
1754,501.103060213942,303.75316564297054,74.2086801076628,99.4652784308126
1755,497.95294611550787,303.3288620797889,72.7848435128912,99.75868974969386
1756,505.1372829965345,315.5239801706686,72.31461911892127,99.09721006887487
1757,504.0773732810575,324.54677837070614,72.4690884011029,99.0752450306823
1758,505.7369694930011,324.00284355217053,71.51293436897107,97.76387551028614
1759,507.2580910459471,323.75150061881277,71.538456336454,98.35004655332526
1760,506.77992783456796,327.8064118232743,72.92546121262026,99.9547159003689
1761,511.11004777614323,334.7424056245423,73.69009586973927,102.52914731869834
1762,515.3878952969843,328.39099255111637,74.92621436828986,102.64409698324502
1763,506.6571247040724,321.58710603701775,75.23489101577526,103.40584337689984
1764,513.5143089970873,319.35522002865025,76.13363853282166,101.79244037388908
1765,505.2498072161683,321.75708829099585,75.59956661406585,103.20945331143687
1766,510.69800986328113,323.8431714101379,75.12903845481739,103.96418941006817
1767,516.6912434771134,328.1912826491705,73.11369869292969,103.54342668934125
1768,511.28942731802925,323.6621571301388,74.00089594973358,104.73420223550688
1769,509.3970039253495,314.94767707782296,75.16460487953756,104.52595865704306
1770,503.99716057085993,318.3663268056387,74.76491079558609,104.1271993123138
1771,503.11633414488455,315.37560823934723,74.59020145841818,104.6049879499368
1772,501.76961552011284,307.982351562246,74.04481586616588,103.63976061751288
1773,505.8993246986118,308.6732413930889,74.34356099724688,104.62846733112828
1774,512.7768569865918,311.7811048052635,75.19963601149139,103.66989458616939
1775,520.1918115962552,311.4804790955989,73.91521336183135,102.7255909411964
1776,517.4826157122922,309.92876730866055,74.23331630745699,101.91855962430947
1777,516.6076624486284,309.49134937595664,74.04302465623182,102.6484003335618
1778,508.18691920354706,308.27219671669036,74.14185980438255,102.11080849241003
1779,504.30973376044915,303.477229984392,74.49784676303192,100.90975669192078
1780,509.4028446044069,301.0361673375104,74.3726448937605,100.39129490194236
1781,517.9066299707639,303.0766590448389,74.3105051140604,100.39246132142996
1782,511.7578102501442,304.401001528543,74.16657506515475,99.360869151468
1783,508.9383267456925,305.16805773542933,74.90470756466405,98.36580521289456
1784,509.00751776165043,301.6962908865174,75.23408148174326,100.28287099543147
1785,510.6397736594322,301.19045758478603,75.41530020034989,99.53902855470491
1786,506.72495559855724,293.5705642003999,74.47776747145222,99.27983041218677
1787,509.0819333981217,294.34712069224435,74.21118352775595,98.98192915750433
1788,506.8781196244724,299.58735545663563,74.89607993354845,98.63686621601289
1789,507.0076320164844,294.4815817582964,74.93930487352972,99.21976209330548
1790,509.9888686199952,292.56455065876827,75.45027516899061,100.10008101432153
1791,510.22567198908854,293.86915277484195,76.81031570799443,99.85477752831736
1792,508.20721250264984,298.46978988480237,77.6277534608789,98.7793526058184
1793,507.8535735564581,297.0171929653014,77.71564545547027,99.94885081107618
1794,507.6080199231441,294.70740655371605,77.33500526845928,99.89308793505423
1795,505.93561854114915,287.9698952352455,75.40029644629846,101.4913313844386
1796,504.8298614457651,288.47176180265654,75.2884967423378,99.49059495952459
1797,513.1703909818833,295.7759122107796,75.05845668956191,99.69562014568366
1798,516.2634156482153,296.91040179057404,75.36710408099181,101.46249295710797
1799,514.9461476287978,296.97948669960647,75.26625112796536,101.17076436619502
1800,518.755083767274,298.27863182841855,75.04050178317743,100.99594672947046
1801,517.2331172391356,298.388089129681,73.73178651760857,101.29529762277156
1802,523.5460138494627,295.6389006244648,73.05658836673236,100.81738666296853
1803,525.6950779491788,298.72342289535123,73.42032718186302,100.56478836171135
1804,525.3413929229474,299.6836075246829,74.70596268257485,100.28958431512127
1805,527.9098300746435,299.89686600568126,74.64806904235728,99.75478830274544
1806,519.8897299127085,296.555458040279,74.90815533496502,100.89443443333724
1807,514.2703276786773,301.3813295212503,75.64017437702326,101.34438495988272
1808,508.3701411007282,303.94682591973157,75.04430029658491,101.60371739254185
1809,509.30102039978794,302.08780535371045,75.33514433897108,102.37650695809828
1810,518.4089385264297,305.8943006491159,74.79431273608546,102.16386660678944
1811,530.3182981772342,304.22536819808755,75.45904762523622,101.48492093029904
1812,533.9263456184543,301.5345874789651,75.5884976417656,100.96628067948092
1813,536.8218798693438,298.9475949143164,75.82959426820746,100.99819585002965
1814,527.4508930652148,292.807520799326,75.2535182116911,100.06998071981536
1815,524.8061883071475,294.6163425291658,75.80262932987262,99.65033408986878
1816,520.8964094663496,288.35727156094333,77.41496506412184,99.21828773915233
1817,517.8795652979869,284.27978498160695,76.6539388929928,101.16403978143546
1818,517.2163596666076,277.4253409837013,76.40922247856521,98.69941517253649
1819,514.9863378368668,277.27755806329236,76.60171585558655,98.56955524806743
1820,505.0954259674377,276.9162665458575,77.2219342294724,100.14245154324641
1821,509.0908441168084,275.9707326836581,76.80640813773664,100.28240821782572
1822,503.8602994610006,272.6758935417094,74.67592664503204,100.99500348772199
1823,505.26927989800134,269.0015338730503,75.71298423593595,101.11611217620482
1824,516.0648012314075,270.6399988108041,76.30624090179528,100.54078656162851
1825,511.54650261497653,268.9923382617645,75.00278557880978,98.56204399869921
1826,498.9648339564691,270.15049612182554,74.56338477293116,98.77409157832587
1827,497.7388679815435,267.429562130422,75.75704097802856,98.11643443745616
1828,503.45038866587106,268.14529132927277,76.87720083458466,97.44146719612786
1829,513.6122734058342,272.5080900403081,77.61772023670417,97.0339556966953
1830,507.53879582214375,274.5689165326857,77.49664385669008,98.59935585096238
1831,510.2700754190194,273.3500820949537,77.5764967620295,100.78688786945087
1832,508.1044520063347,274.3321814938533,77.49049211789828,101.01440575960383
1833,507.7694759498295,273.67786271823405,78.38539676986017,100.62293692686508
1834,521.5843417733873,273.84062961758343,77.71740386442983,99.592334141863
1835,514.0092632971479,272.90915133539187,77.10909395183745,100.04319639167025
1836,515.521332052815,272.50771846377785,77.90763587468271,101.69195625301776
1837,518.1452537542825,273.33880196437093,77.88865875227447,101.49627959286794
1838,524.0114204595388,270.23494686253383,78.98555823234022,99.37605399783982
1839,524.7349670134136,267.094147406847,78.47263038681295,100.00714427959838
1840,526.5644918857723,262.81193428216017,78.44534363786664,100.92828585823798
1841,524.7160872424583,257.94217821490383,77.74062717965654,99.52786078625766
1842,526.3406356979721,254.32883407273917,77.76190201035772,99.71598254853967
1843,524.7472283124106,254.94341080850938,76.63593947743668,100.15179696331494
1844,528.230317332752,252.3528109828633,76.27840084859537,100.1159524693307
1845,526.4920818842838,254.0399467997081,75.20571892764865,99.43578915097308
1846,528.6926685692026,254.27289766073667,75.74455116339426,100.37925231887792
1847,528.7494383337439,248.46103686450488,76.30453731997963,100.04550354875954
1848,534.9510089327337,250.54680439204571,75.01062544176992,98.7467451285169
1849,534.8900615655951,253.12294788306232,76.03308948656765,96.97111708402485
1850,525.7001055980647,250.2471372579633,77.97145395572626,98.10720583243553
1851,532.5890553550347,251.6379321352034,78.02293708437553,98.68281261252663
1852,527.9981609733826,249.18941205430508,77.53982738065747,98.79060958351317
1853,524.7674107633829,249.6064163731573,79.7769816187532,98.4294535341742
1854,521.8595677389692,245.97043896544753,78.74740517230813,97.9913390844679
1855,529.2933977837946,240.8547571711849,78.77899430849362,97.0763195127789
1856,518.316553711384,239.87075997602867,78.93641179519658,96.72910769352099
1857,535.0518448683288,239.6346641459801,80.0213993332104,94.9294118733748
1858,540.9485737622753,238.61309111384764,80.32584946697754,94.33091849190333
1859,542.3744368036647,235.3644132692961,79.94230135221686,94.09553274460187
